date,austria,belgium,bulgaria,croatia,czech_republic,germany,hungary,italy,lithuania,netherlands,portugal,romania,slovakia,spain
2001-01-01,-0.0191378363523497,-0.0289940312254657,-0.04600050303371,-0.1252719636266839,-0.0086869049803013,-0.0046546351305103,-0.1053269833572976,-0.0736285598739172,0.0300355435138115,0.0324271609039321,-0.2306262783478487,-0.0922052897797378,-0.0804021491223139,-0.1312609274532974
2001-02-01,0.0396105479736128,-0.0487071240374668,-0.0169950293322251,-0.0114372291577353,0.0136049242563558,0.0068815955043213,-0.0402354918459018,-0.028711643189613,0.0589845436521834,0.0190705590140254,-0.1479112680521908,-0.02457208024083,-0.0271770084181497,-0.0413893315648081
2001-03-01,0.0221597714838068,-0.0138826037543289,-0.0170366750646024,-0.0881696697119345,-0.0373273795981567,0.0057181326896191,-0.0774960128049038,-0.0721295677364786,0.0793948333396343,0.0447680904095086,-0.1555688708344753,-0.0325228481455077,-0.0252287967413558,-0.1104522219417631
2001-04-01,0.1197176837737501,0.0227239652173665,0.0610205782055359,0.1600005942616853,0.0554510272429773,0.0698542912875197,0.0727250511903427,0.0470343432782307,0.1074579060421747,0.053739519533444,-0.1298630174675139,0.117687899738204,0.1257604272059183,-0.0789217437658464
2001-05-01,0.0243257560870375,-0.0045884615763611,0.0446278029679092,0.0705994783644428,-0.0210795475277016,-0.0083961952669149,0.0256421784203482,0.0091649008111858,0.0414053877225377,0.0268554297937697,0.1418723599770288,0.0790041506311318,0.0661830751957559,0.0148809598417578
2001-06-01,0.1029230147343867,0.0260133672394395,0.0382190165730733,0.0618112085201403,0.0041609403119053,0.0311234090995107,0.0152851791298438,-0.0071310811189455,0.0592388470953331,0.0237256947949759,0.0529899396372357,0.0791217953760181,0.093632615160498,0.0251248131366708
2001-07-01,-0.0244264320102267,0.0272764911551135,0.0671935629160849,0.0598774812792015,-0.06335766269056,-0.0813205592597086,0.0446332116073087,-0.0167028032948373,-0.0267880229287449,0.0258332438281385,0.047750063322038,0.0550942683913788,0.0875710748436624,0.031074345501409
2001-08-01,0.0374979649451212,0.039008065691874,0.0424794603040226,0.0553253342343644,-0.049859504247081,-0.0242415059228271,-0.0017871964695999,-0.0042825211270027,0.0650172293402384,0.0271690783218936,0.0207372037612216,0.0553296053769791,0.0720685112371803,0.0286615005123529
2001-09-01,0.1166061457134333,0.0952880729134619,0.0523010494034785,0.0564358064388379,-0.0377381552093361,0.0227793515158332,0.065995794876752,-0.0262629132251852,0.0111623778800158,0.0587648347396658,0.0476078284937919,0.0361064065896528,0.0574327298731169,0.0039106338275338
2001-10-01,0.0468629511314055,-0.1016902425331345,0.0285822959369816,0.0062321477468785,-0.0347185966480729,-0.0498528145894496,0.0187964052064906,-0.0246119820975145,0.0691058043861616,-0.0784390644223371,-0.0210228409376362,0.0429739977542276,0.0653302447949037,0.0224421420677103
2001-11-01,0.1579416535845013,0.0498126818303568,0.1017241281784961,0.254487346084673,0.0935739647477937,0.0928542143415107,0.1848224814161163,0.0637311861419007,0.0875687555861652,0.0254616600140877,0.0859411334258624,0.1737608217400357,0.138362439459815,0.0568281957842344
2001-12-01,0.1743849549215994,0.0793041146022766,0.1643186027287342,0.243362394143741,0.0672323423729928,0.0980490442775625,0.2012566762490877,0.1300968268642783,0.0940902055385422,0.0511925676212037,0.1749234913109205,0.1497373007817515,0.103411296797514,0.1804446839239943
2002-01-01,0.0520595191071038,-0.0526901078026753,0.0374519939917981,0.164355310608613,-0.117724184412193,-0.0505702892056696,0.0666496313980395,0.1289991221731838,0.0122620105636102,-0.0191857389164731,0.2625288558829801,0.0350803108104784,-0.0181324138453895,0.1675178596038762
2002-02-01,-0.0252427139340234,-0.0999139606964298,-0.0394701980781597,-0.0028049587180802,-0.1149981220920004,-0.1080332985835177,-0.0183770920111356,0.0175051886454866,-0.0555759522422469,-0.0417183089041017,0.2351865563437272,-0.0469593030178323,-0.0549959791251204,0.1223658727168128
2002-03-01,0.0179995622236646,-0.0779261769437695,-0.0143659877155677,0.1022427132149879,-0.0198666219313992,-0.03607080525218,0.0311061696536754,0.0699246981085295,-0.043914074384407,-0.0353915151730213,0.2197834811095909,-0.0207896303575019,-0.0308635192559449,0.1650864820317075
2002-04-01,0.0287859563340973,-0.0565421937108219,-0.0203324958765449,0.0480347922073534,0.0338835240166197,0.0031764758291181,-0.0043978707419505,0.0342249908196663,0.0166738740822935,-0.0152308872828648,0.1772201620366438,0.0078820649711026,0.0068368173578789,0.1304232460863659
2002-05-01,0.0544591534221403,0.0132481950772707,-0.0514486429224092,0.0346746027553663,-0.0078107755764662,0.0574394554816102,0.0021241375095577,0.0341289505935442,-0.0078118708721852,0.0302801704502968,0.0878385546291582,-0.0100938576031488,0.0053782935814403,0.0757146525530814
2002-06-01,-0.0207604429167247,-0.0745890444879009,-0.0510497905560853,0.0304429935966723,-0.050121133800566,-0.0314520886597549,0.0071860912400651,0.0431653949310124,0.0360964217849613,0.0090100431590229,0.025088948854389,0.0156081823911264,0.0111840914252425,0.0381933038924238
2002-07-01,0.0570500135749085,-0.0757556049444936,-0.0697171240659244,0.0382270957659081,0.0440862567490363,0.0720284439556202,-0.0363699317673038,0.0482446605053965,0.1387742678309997,0.0087736157177111,0.0381131005582986,0.0472880817683183,0.0383587296566076,0.0326907299477099
2002-08-01,0.0443326354433786,-0.084014920078193,-0.0780641458422906,0.0349240062496356,0.0223380541271467,0.0131691344037534,-0.0585108838425689,0.0074905396851576,0.0662923363530438,0.0035819963769547,0.0247375021221003,0.0095556685947606,0.0118487630468528,0.0222555340559438
2002-09-01,0.0079261728599213,-0.0976413642689166,-0.0509065746151726,0.0485325041243811,0.0059770002833765,0.0184474896772819,-0.0407804281705139,0.0277485240416908,-0.0038039145179453,-0.023020410939889,0.0313265418010217,0.02178871114846,0.0079390034628339,0.0320190999521017
2002-10-01,0.1056643795118432,0.1080008222898349,-0.0142304033700426,0.1712306633980667,0.0865421003839017,0.1195555056866091,0.0605679824956695,0.0669809878078702,0.108203240858419,0.1540593302282396,0.0363458187344747,0.0426464920923699,0.077120151951,0.0286280766219633
2002-11-01,-0.0929606083446366,-0.0994491898178964,-0.0802986810861234,-0.1506180600262006,-0.1068419777956144,-0.0886574432118081,-0.143163206537622,-0.0605291029499817,0.0042357650690227,-0.001065851930452,-0.1096084335026965,-0.0993414426672174,-0.0873406135871661,-0.0281725553182923
2002-12-01,-0.0881162385287197,-0.0864631854317785,-0.1028684187909192,-0.0845259098870201,-0.0398216220883469,-0.0576308585079239,-0.0966241025965004,-0.0945614304580573,0.0444401068683824,0.0208911151668615,-0.3076779747340055,-0.0483083916986579,-0.0611029653224761,-0.1097410263029949
2003-01-01,0.0136818557570244,0.0620871300262599,0.0250497094165282,0.0044583610007649,0.1529390800383581,0.0308426530888432,0.0061833444918306,-0.0408649491084958,0.0975013375272411,0.0257495106902112,-0.2003292880387093,0.0420907249003477,-0.0004720719590949,-0.0216600113724361
2003-02-01,0.1604268737823311,0.1520456048563367,0.1832703696483868,0.2279258584137657,0.203878546709209,0.1632573664250713,0.2031070538287842,0.1330706181879932,0.1447998823805214,0.1013624084738715,-0.1060616218639971,0.1755137404105688,0.10024285529067,0.0440447080348853
2003-03-01,0.0553914508096475,0.0145178283895184,0.108285875589658,0.0946577723177384,0.0081944039118333,-0.0042400382880387,0.0279761748397007,0.0714791380642623,0.0432862555375237,-0.013007731286688,-0.1732916249407665,0.1107577498747787,0.0345945593847147,-0.0145117389209126
2003-04-01,0.0399116056672887,0.0042877609735576,0.0732234176812163,0.0290956682581047,-0.0554426994351295,-0.0237220853927055,-0.0227155959630422,0.0353106459532384,0.0470239223937021,-0.0184880175117996,-0.1693679976055868,0.0446758532006867,-0.0040358685415355,-0.0126550252904884
2003-05-01,0.0105693852535395,-0.0015145340070752,0.1208224149367076,0.0620020100916853,-0.0076304064941545,-0.0102535059364399,0.0253079870551893,0.035431732585085,0.024538881540316,0.0051062705920372,-0.1661723656158216,0.0399310003317765,0.054192489923718,0.015007108726273
2003-06-01,0.022610576653868,0.0295181300406852,0.1298411883287649,0.0740214691369693,-0.0137796277232311,0.0062088759830771,0.0415865100601209,0.0460082567821054,-0.0261034106456463,0.0099249813964092,0.0073038383420858,0.0216242886729638,-0.0024298435257286,0.0452573340531046
2003-07-01,0.0756733784630796,0.0557999235847717,0.1527063209371704,0.0635715065636048,-0.0149168100872927,0.0147110983657832,0.0875862775928055,0.0412130557159038,-0.0319670478122198,0.0062622184027709,-0.0191079199277552,0.0276913363671589,0.004093911754893,0.0526186029262873
2003-08-01,0.1099464829046255,0.0593791974448798,0.1738116079104159,0.0776415260608693,0.022469554343953,0.0567311042355314,0.1250490376093438,0.0562315323941327,-0.0224410232040384,0.0115675497912128,0.0370088627402758,0.0554675649557836,0.0436446787323596,0.0777025785444358
2003-09-01,0.0315096745284577,0.0091149043333729,0.1098051545538538,0.0627308252098046,-0.0419075352399076,-0.0250914227189014,0.0500203102820151,0.0466758675877656,-0.0120298539713594,0.008476990470644,-0.0001626358947888,0.0170871290486545,-0.0411212683603956,0.0367940789777456
2003-10-01,0.1000802658145367,0.0812514042835275,0.0961399079915992,0.0994264414017784,0.0396589164466014,0.0524155674353927,0.0590530082320661,0.063059808874005,-0.0027377338652065,0.0443649430788433,0.0102269498360492,0.0492371392474595,0.0075016130198406,0.047392662258332
2003-11-01,0.0757731850961853,0.0258365106289666,0.0556360482147226,0.0686144389039036,0.0056510411805348,-0.017910166474401,-0.0336161087057327,0.0709130879938264,-0.0298466166504027,-0.0147454690600312,-0.0290416654773366,0.0199923912807626,-0.0154842216211577,0.0210010245515377
2003-12-01,0.0380044933159631,0.0252890663827933,0.034518476989156,0.0033559089457035,-0.0521839945518571,-0.0457147664333419,-0.0982548181393454,0.0758809995898808,-0.1467817819663075,-0.0461698496504148,0.0941249772074748,-0.0452641564851958,-0.0777589754473417,0.0693228652267805
2004-01-01,0.0300956190978105,-0.0285493493990109,0.031627511783121,0.0259199921300563,0.0090992515895251,0.0091143026680668,0.0206085973114156,0.0465143688602616,0.0232989467120496,0.0036928694541593,0.0365689969098816,0.0482097270226589,0.0199894253483847,0.0015294565674182
2004-02-01,-0.0512737968298644,-0.0490480226797664,-0.0471986082142059,-0.07049236189766,-0.0491561632171055,-0.0668592183488492,-0.0971767739763329,-0.0334794380847505,-0.0475225809685646,-0.0277612397081661,-0.0196879294367775,-0.036629934657995,-0.0274605754942456,0.0248878469868074
2004-03-01,0.0481126252279544,0.0595227827151347,-0.0089680071657625,0.0734515996806912,0.0518771128316899,0.0372366971855306,0.0353822475721479,0.047845692816562,0.0172238310309715,0.0609886617013515,0.1410895922477735,0.0046464085119986,0.0210706120344283,0.1040586477334741
2004-04-01,-0.0090306226050351,-0.0153308649050138,-0.0265059596028223,-0.0039192638429135,-5.71774576130224e-05,-0.0407908700368331,0.0034752894046476,0.0060628221683955,0.0428342256502851,0.0104288202644973,0.0480419646589602,-0.0051099412689694,0.0078140523679337,0.0588279878704298
2004-05-01,0.1422901299177823,0.0384638421225211,-0.0277977575125198,0.0570291698561469,0.0969887339636663,0.0442171315072918,0.0087362763236882,0.0742219402171748,0.1353508874641242,0.0531301106116046,0.0553853847632339,0.0505538258059132,0.0542637421400122,0.0401046009772088
2004-06-01,0.1296339740296801,-0.0008605119672822,-0.0392601802317429,0.0166513358879711,0.0860377174843201,0.0401651010532972,-0.0177513098422501,0.006463679297493,0.1166242968754325,0.01952342449243,-0.0416049847217117,0.0110677255166073,0.0431653083432728,0.0268429343334553
2004-07-01,0.0340117952952425,-0.0200655386085983,-0.0696668164219147,0.0216513873742378,0.0228409843515109,-0.0308681954524168,-0.0479735689799447,0.0277501134435951,0.0798953404560727,0.0246673967854675,-0.0318817456640196,-0.0146905029665127,0.0399956692302971,0.0288577552925062
2004-08-01,-0.0040476584555726,-0.0070494968497989,-0.0878917116971322,0.021834887637528,-0.0003327674548287,-0.0213444446277897,-0.0613423129369046,0.0376139275520337,0.0634263211286594,0.0258119433490335,-0.0751679502008784,-0.0211463844747079,0.0198547275151419,0.0095218247160779
2004-09-01,-0.0021009765228434,0.0054185891426499,-0.0521794728541173,0.0209518526148784,0.040135169818118,-0.0076886716841606,-0.0215838373893575,0.0450148077563987,0.0886652405511689,0.0214844454330354,-0.0490154872461126,0.015832926431976,0.0723205187147968,0.0415809628893875
2004-10-01,-0.1060574647305401,-0.1061881416019936,-0.0381213529419923,-0.1294515213317986,-0.0691299889550585,-0.1231445969862079,-0.0823072997241318,-0.02408164294987,-0.0181486571590347,-0.0758602431858825,-0.056415981650538,-0.0441073936943539,-0.0351363237151254,0.0262416659297137
2004-11-01,0.0210160419241205,0.0325937724226363,0.0253616234146889,0.0789350787334512,0.0310087295473735,0.0326059031508982,0.0906473470932986,0.0314490795561539,0.0799161982732314,0.0597330785257632,0.075636598311096,0.0399544426747091,0.0384373822367649,0.0836977618552765
2004-12-01,0.0069844967007703,0.0374087865740833,0.0218810928611645,0.0134287701614113,0.0220482717212071,0.0184173876666982,0.0476072498943054,-0.009823416692086,0.0503380296784463,0.0416907591488104,0.1502101097374755,0.0127174149812994,0.0133158010434328,0.0791769066651646
2005-01-01,-0.0181966998122042,-0.0420167137335276,-0.0283799004261489,-0.0305371405266932,-0.1062205072063697,-0.0606687844268769,-0.009375958760966,0.0077009883184224,-0.0109540031189574,-0.0425224602213489,0.1894832197921836,-0.0817557973387899,-0.0281634333491993,0.1148162528850633
2005-02-01,0.0712548125066803,0.0454602409287865,0.0271825251681612,0.073517022203827,-0.0289157497228345,0.0357278456840362,0.1329163292074575,0.0443593598519242,0.1359092449004109,0.0355090216442413,0.1926932794165559,0.0142566530836099,0.0347470527046951,0.0801659504355534
2005-03-01,0.0432200208927646,-0.0399924799705289,0.0292596125329716,-0.0001922427099607,-0.0142374339448139,0.0006298021010167,0.0802457220386259,-0.012180195988634,0.1751545104333054,-0.0164342833258395,0.0352442606602139,0.0417349278313992,0.0470979236150768,0.0153081221868767
2005-04-01,0.0209057496641449,-0.0200102580813528,-0.0041653201422597,0.0066455629598891,0.0040416047097906,0.0135178867581693,0.0080472275980767,-0.0005238840206125,0.0354505072096884,-0.0147773830096191,0.0360846122632487,-0.0084178939085077,-0.0030089036515441,0.0123397711534742
2005-05-01,-0.032639106642609,-0.0470251534848884,0.0036246336126239,-0.0225073211750874,-0.0240792729571417,-0.0289088795610936,0.0206637907789755,-0.0450166558966067,0.0132576650374325,-0.0192002378725248,-0.0020487313954333,-0.0490503385241325,-0.0078944796374607,0.0421160887081342
2005-06-01,0.036895436062359,-0.0282970698042461,0.0308019814623818,0.0164891093965806,-0.0254834744235772,-0.0223267417180075,0.0370059856452265,0.0222046468175634,0.0134482667958053,-0.0109118353748556,0.0329493126555284,-0.0323314348107999,0.0050949621490339,0.0474315224941221
2005-07-01,0.0466380202991558,-0.0300716091567458,0.0422007193403466,0.0130672642295586,-0.0119800252264106,0.0009923009936585,0.0489548516080731,0.0066965256588069,0.0339267327029055,-0.0160532906064503,0.0135512010753942,-0.0182256443435555,0.0004921969443643,0.0429838397083948
2005-08-01,0.0474356512490707,-0.0244875091127525,0.0386274256436429,0.0059744702632755,0.0157687480326202,-0.0071148250798032,0.0500814174384096,-0.0086213042400018,0.0392231272881744,-0.0233858195318958,0.0292380618657759,-0.023388361238382,-0.0035906499612536,0.0322625630374489
2005-09-01,0.0170027174543889,-0.0339396922297083,0.0343551373431481,0.0108335892576931,-0.0266094971679677,-0.0621128212888137,0.0584987921561399,-0.0131796328357864,-0.0147260174680106,-0.0122094439059097,-0.0047986815922627,-0.063411593682364,-0.0176542942950845,0.010818076984993
2005-10-01,0.0487268271811736,-0.1041473860120554,0.0114722116907195,0.0728831406162235,-0.0196878068777444,-0.0338745339543429,0.0491541554123848,0.0069990730265487,0.0500658998148679,-0.0662789701605213,-0.0152641049552322,0.003534908356034,0.0341646719152741,0.0156797547759488
2005-11-01,0.060991342105563,-0.0043232218927506,0.0119758744229194,0.0209176009465927,-0.0158029161664039,0.0028775741527979,0.071371377839938,0.0410674486243216,0.0272536397239804,-0.0099697610094651,0.0035547951032768,0.0114691435316807,0.0462600387490645,0.0258663735756137
2005-12-01,0.0658116630830747,-0.0207534649037022,-0.0076390919830195,0.0276866383962754,-0.0024179598897049,0.0148341694338078,0.024282934972259,0.1011974563489701,0.0989178747092616,-0.0013898667919356,-0.0534480599195816,0.0187934445079598,0.0418466144981763,0.0368157927741528
2006-01-01,0.0937810966877847,0.0739940535078922,0.0606840911898594,0.0781008689684163,0.0802798470616608,0.1355826684261032,0.0593485208684718,0.0818148667268126,0.0852662198763098,0.0663814562418956,-0.0120730057941322,0.144497058316098,0.0798093288626304,0.0292147522801364
2006-02-01,-0.0025475390270734,-0.016221018242529,0.0207317042350787,-0.0344276425618232,-0.026685492956016,0.0263966377563313,-0.050148821493547,0.0093367370787831,0.0011481526504759,-0.0221658215872189,-0.0441679131779082,0.0356967669412746,-0.0097562153395855,0.0036516159507691
2006-03-01,0.0275783065577961,0.0625533766193413,0.0098418291825126,0.0271395157498766,0.0144339826666026,0.0968484592834144,0.0143496140709977,0.0556673677259986,0.0015171183820434,0.0370071971076022,-0.0881300917788152,0.0225455063655175,-0.0123578283327709,-0.033973207400038
2006-04-01,0.002663926154625,-0.0006491548840585,0.0104190118834388,-0.0192508459896032,-0.0662201087563936,0.0393604584950928,0.004025033305357,-0.0422640127298166,0.0574861781784434,0.0111130082055375,-0.077203250447436,-0.0037993443387662,-0.0235147603434064,-0.0379232396579141
2006-05-01,0.0243740974907495,-0.0698748918687037,0.0347374031464298,0.0072295472843002,-0.0356591466256581,0.0055800544805073,0.0114997863696295,-0.0210299076575992,0.0684068882632615,-0.0773792899555232,-0.0103538332977599,0.0365053950543661,-0.0334334883683915,-0.0161516168210731
2006-06-01,-0.0249772175629345,-0.0056015812881682,0.028495781108127,0.0105228450227237,0.042258226414038,0.0259156944039595,0.011150228595266,-0.0172111280369904,0.0618096313501972,-0.0281776783764335,-0.0494703705314947,0.0408606342028363,-0.0204932641375137,-0.0235451929154919
2006-07-01,0.0177629121704292,0.0168627679337056,0.0322412761503372,0.0154609469396049,0.0896339688154661,0.0553609644535448,-0.0120526147935855,-0.0026568543608753,0.0427019860317017,-0.0262890202182575,-0.003265327192409,0.0604927813780342,0.0089976998118608,-0.002659497747917
2006-08-01,0.0714860624554489,-0.0083400665061326,0.0222109701940276,0.0196442446608386,0.0290151358598507,0.0470094270859853,-0.043290030205032,-0.0082267116562384,0.0163235883114722,-0.0227731380519564,0.0337934249581834,0.0555192366634251,-0.0038980484586765,-0.0354877994969413
2006-09-01,-0.038789925482348,-0.0037255652239949,0.0310124205210442,0.0159891605217268,0.0240947042772887,-0.0061799514896527,-0.0041955572578409,-0.0111217043955527,0.0288547742758069,-0.0269888190550382,0.0131371399533257,0.0478787227086208,-0.0255817656819132,0.002860999502495
2006-10-01,-0.0169727043077365,-0.0037990017321334,0.0204784407895282,-0.0261905514049658,0.0418902843920641,0.0057519884583108,-0.0148845330755662,-0.036903362808804,-0.0097055049114374,-0.0336901721098321,-0.0927185472449032,0.0157893636656929,-0.0406107407673204,-0.0281796507728664
2006-11-01,-0.0521751013013869,-0.073218485284574,0.0039991981685787,-0.0294203538259409,0.0015877609548695,-0.022673768574112,-0.0556475086948076,-0.0178659663762204,-0.0182056575219498,-0.0777072106010869,-0.22580575298851,0.00358775864483,-0.0684315208974801,-0.0954952517513199
2006-12-01,-0.0740477172786988,-0.0748909962769346,-0.0033406982502022,-0.0403879768168131,-0.0531342528255578,-0.0558468008573775,-0.0216654913611584,-0.0658405605930276,-0.1090083192633422,-0.0905069134001621,-0.0787495591729054,-0.0016050816537287,-0.0583863281531478,-0.047943488656589
2007-01-01,-0.1347870388180574,-0.1503879361962141,-0.0162993411137364,-0.1320457905843319,-0.0435236418841782,-0.1556782012390343,-0.1802565258690514,-0.1100864946142259,-0.0140855294490762,-0.108219317620307,-0.0427812672694756,-0.1565379807726614,-0.1334136263597756,-0.0340580447815099
2007-02-01,-0.0844742249106786,-0.1212629984878077,0.0154558846511001,-0.0839845048787673,0.0469696057899753,-0.077884322836649,-0.1370678195311043,-0.085878513923788,0.1185647837398597,-0.0580179079645475,-0.1859158759237047,-0.064969146160152,-0.0595641829356026,-0.0884532501406667
2007-03-01,-0.1018314060404144,-0.0992743510179146,0.0090859038296642,-0.0497620283385806,-0.0416040506122321,-0.1419795646962889,-0.1484669581318272,-0.0581547026878972,-0.0370021133458351,-0.0761202798006017,-0.0542114038792718,-0.0950469190523684,-0.06779796193101,0.0127107160467652
2007-04-01,-0.0433318049457902,-0.0756133672516021,0.0560474598789824,0.0242428010389161,0.0398067993507211,-0.096464218230345,-0.0178965013932987,-0.0214014708840828,0.0717350302696431,-0.0637309085580568,0.0562608338863661,-0.0029808481207815,0.0199426071850297,0.0689422113109898
2007-05-01,-0.0137009017000266,0.0191035215248724,0.0521071969602218,0.0876844317609304,0.0378146043987221,-0.0198675786467106,-0.0022057285068406,0.0378497221782225,0.0462129721747039,0.0428818137937554,-0.0192521100190425,-0.053435387009042,0.0073088976825488,0.037814865166311
2007-06-01,0.0035870381482254,-0.0017459186916504,0.0477070588600767,0.0722495506665552,-0.0221958688039762,-0.0091590663718754,-0.0053188959745043,0.0029114491668025,0.0486974808027014,0.0250712884422412,-0.0425782126669176,-0.0101302235565299,0.0246049027595525,0.0487576169169194
2007-07-01,0.0133828676509821,-0.0321475965549815,0.0386084087295017,0.0621882702182219,-0.034712094764508,-0.019316073619656,0.0162978899212831,-0.0061503758649124,0.0840770113171736,0.0203638133806087,-0.062794447655829,-0.0294876777640809,-0.0016688048476858,0.0184932152162531
2007-08-01,-0.0281379491832716,-0.0135299520314227,0.0607817946946838,0.0701406081580664,0.0116575251821515,-0.0044032978092225,0.0477357740506541,0.0111445828888854,0.1050170446752503,0.0250768583313885,-0.0966609680771988,-0.0242986880338342,0.0239388379269875,0.0548461896214469
2007-09-01,0.1208003012040386,0.026706796553217,0.0422589622226183,0.0672682696710076,0.0646645302594848,0.1127619447161336,-0.0099579388804222,-0.0027905102119589,0.1386221484543419,0.0483230851349816,-0.0421524212931601,0.019802590244307,0.0674773627568114,0.0243576566643923
2007-10-01,0.0958586090258819,0.1182543256543482,0.0866597010186644,0.1936233953058987,0.0567352859444838,0.1182260096712468,0.0739362093241631,0.1000658091807906,0.1384030628767831,0.1332326771303194,0.053873267235101,0.0216750450023042,0.0575600766624866,0.0708021360777273
2007-11-01,0.0687142446029334,0.0598189869217016,0.1298511457197975,0.1690467482408664,0.0724980915131361,0.0677072334878303,0.1007719123882573,0.0821439043662835,0.1618995015905113,0.0815750297228135,0.2037821866613214,0.0629712844472472,0.0709081258252908,0.1602828607043847
2007-12-01,0.0611568818924688,0.0398898184771034,0.13673859508798,0.1604245590353024,0.0823217980481381,0.0524957836572248,0.0955416100691444,0.0855524763389894,0.1618854959935411,0.0837288512455707,0.1173438593956035,0.0767997875174018,0.055351698091183,0.0955781001224593
2008-01-01,0.0408395181155327,0.0309446173583651,0.0503927689287699,0.0467274971641913,-0.0505726533276025,0.0370204750157761,0.1030777744680264,0.0349802726571581,0.0610725098184019,0.0093773042359366,-0.0991290758913336,0.1147811158499223,0.0606218598338408,-0.0726867447281875
2008-02-01,0.0427968398332119,0.0340089651251922,-0.0128324771197227,0.0387437260961505,-0.0627035521386858,0.0239831073273641,0.035494787908231,0.0729699592752126,-0.0754814392115221,0.0211789659880068,0.0389853412204139,0.0310844544493562,0.0383487382241192,-0.010212552538551
2008-03-01,0.0406902615129816,0.019388674988118,-0.0542625034528434,0.0102027141667342,0.0108537146936136,0.0412799766356997,0.0511212425178833,0.0109813290634868,0.0720788823207456,0.0364215809193133,0.0419723863412357,0.0203609950617433,0.0356114023794624,-0.0568595155798732
2008-04-01,0.0776037249650833,0.1156273596184291,-0.0047833885926067,0.0414108246258777,0.0890380591510791,0.1307909828765652,0.0681050169248003,0.0770612219574928,-0.001694775450904,0.0960919961625599,-0.1246120946058724,0.0273271641170502,0.0380688567851592,-0.0709875649017917
2008-05-01,-0.005031353418591,-0.0270885466811172,-0.0330862772529059,-0.0523526508497944,-0.0223949875837448,-0.0394689068309297,0.0051947355875334,-0.0545201841068418,0.0167259408846938,-0.0287182663076457,-0.0342029034722308,0.016628223303627,0.0064062012694918,-0.0836919648855492
2008-06-01,-0.0186602951746621,0.0136957247160829,-0.0420631434284182,-0.0435080059944859,-0.0227210689259358,-0.036778910917576,0.0114678703433774,-0.0315249501273413,0.0173367566324067,0.0037263619438796,-0.0599096701953278,-0.0225419338160044,-0.0066291418367292,-0.1129103684342567
2008-07-01,-0.0220524418675758,0.040929865250785,-0.0296453582568752,-0.0315125519537495,-0.046090597535656,-0.0339877812675268,0.0045288042730362,-0.027176846091212,0.0132183303992725,0.0116129763836205,-0.0063031373966637,-0.0101939565355273,-0.0050560372283499,-0.0899017528059076
2008-08-01,-0.0034070594748563,0.0247894367391126,-0.0499309462589252,-0.0505942533620569,-0.0278528750781035,-0.0235691151217238,0.0022014247556967,-0.0213844843234163,0.0342018654937064,0.0044594383653624,0.0026695804715792,0.0430224685310527,0.0131217938945731,-0.0842701030328036
2008-09-01,0.0143172033702434,0.0458882567575997,-0.0139213647265989,-0.0016591936007337,-0.0223297066255199,0.0268481453170004,0.0391149211645753,-0.0094287037055593,0.0600729778938102,0.0101307149789953,0.0106069575108733,0.0800738543934507,0.0290505071531903,-0.0792977919774458
2008-10-01,-0.0306212346645331,0.0143155067035181,-0.0357776411615766,-0.1257156772135843,-0.0498480333677164,-0.0142307173980285,-0.026989740363831,-0.0771991293062974,0.0103393113643512,-0.0090911513693043,0.0228517408487185,0.0036428722795065,-0.0194055467598488,-0.0852441440233029
2008-11-01,-0.053245829103691,-0.0332210851433494,-0.07427912513619,-0.1404626495834655,-0.0787325210521352,-0.0467398751544934,-0.0766872027167338,-0.0912872648368932,-0.0051575417414149,-0.0196947632701558,0.0057565937006884,-0.0402817065879155,-0.040392254138883,-0.0980949024419572
2008-12-01,-0.031351603837546,0.0190808115961331,-0.0885004560523086,-0.1266712158572289,-0.0801250337531342,-0.0023968560406508,-0.1131067528405687,-0.0499170008809031,0.0448329225531836,0.0118316723000866,-0.105859163767441,-0.0525280107434298,-0.0346749359362448,-0.116210706305921
2009-01-01,0.0006030000028935,0.0541859891144049,-0.1285207833428678,0.0241869260184799,0.0806260312073483,0.0589902907188495,0.0214166847152021,-0.0585689464776386,-0.0896052165489251,0.101417724847284,0.0417141645679386,-0.1480751967845393,-0.0069828488732923,-0.0435556411642501
2009-02-01,-0.0379917529923936,-0.0421354558332822,-0.1382911661165486,-0.0404759297475791,0.0311582504859195,-0.0125714291931444,0.007838983914727,-0.0984603540582753,-0.0717856670789629,0.0088670531790064,-0.0234046865841044,-0.1391871901705421,-0.0390377766328953,-0.1068075090165869
2009-03-01,-0.0676993985209257,-0.0712742685616056,-0.0916943164816572,-0.0792184503784554,-0.0711306428325748,-0.0737718347620735,-0.0495533934568541,-0.1134742967058493,-0.1051572406693921,-0.0270938085711023,-0.0451711533696794,-0.1091320798457999,-0.0553134355977604,-0.1011054650888567
2009-04-01,-0.1461402131735418,-0.1699064830509833,-0.1891096079265857,-0.1771616065626631,-0.22541731648381,-0.2400946148827394,-0.152460695556222,-0.1772493341907157,-0.1705073996096509,-0.1180259144688626,0.1479218275480001,-0.2288205874038453,-0.1592433307783629,-0.0868208030142518
2009-05-01,-0.0594794108169338,-0.0283323899089644,-0.1740560869640326,-0.1005673917012721,-0.0871991846350432,-0.0676441476825999,-0.0848774609800315,-0.1331984566210664,-0.1686069156334895,-0.003881267928147,0.0266160261508403,-0.1867260831143724,-0.0684688202456698,-0.1029606499895763
2009-06-01,-0.0303100935396543,-0.0617180710397349,-0.169946316798768,-0.1014906510280866,-0.0703847519266887,-0.0367118202059337,-0.1228699286485728,-0.1342740686248298,-0.1480738337815097,-0.025640676083384,0.0774647809666468,-0.1868712161548202,-0.0804620143171312,-0.0764950383226654
2009-07-01,-0.0877910870766705,-0.0525035685674204,-0.1571516838584727,-0.1031170169636013,-0.0622110699181703,-0.0762896291596568,-0.1056896362640102,-0.1248115540286498,-0.166197320026697,-0.0247336801670812,0.0010671626040874,-0.1867930385486644,-0.0815382426723729,-0.084053343424312
2009-08-01,-0.1082296391446284,-0.0266799194169884,-0.1558537320361637,-0.0794129509795524,-0.0907074735029276,-0.0857010780824474,-0.1117366654898539,-0.092412736553431,-0.1415743281273762,-0.0154350048172879,0.0239549575842623,-0.2279239022392261,-0.1039730455690417,-0.0930822279798242
2009-09-01,-0.1415466170729011,-0.0965255354651368,-0.1772143190677226,-0.1215331654168956,-0.1213307398882008,-0.1588279644859191,-0.1258130154558756,-0.1105797610908361,-0.1866121288845441,-0.0453239182853266,0.007601507586493,-0.2967111271657323,-0.1622665234925264,-0.0976937178729784
2009-10-01,-0.0187410338150399,-0.0619103487126508,-0.1558948895027363,-0.0239620508659754,-0.0306131902980837,-0.0596977845440029,-0.0558148328314409,-0.047028587005375,-0.0594692081457211,-0.0251824933691757,-0.0547163137334898,-0.1570719758982264,-0.0526592016828502,-0.1023876060612956
2009-11-01,-0.0747817597691451,-0.1025566755952738,-0.2052943466814554,-0.0781852374471618,-0.0928461204638964,-0.1337958513044839,-0.0876571036973246,-0.0872951683380804,-0.160694390623,-0.0708072672532829,-0.1599460795498437,-0.2040725849496887,-0.084152917457402,-0.1817269881604204
2009-12-01,-0.0279510648759782,-0.0415939658785653,-0.1444177920836615,-0.0480608367421595,0.0134446235842133,-0.0337220095412575,-0.0117136805765589,-0.0825070435480057,-0.0536967845220068,-0.0045093766086523,-0.0459397315700904,-0.1051704276226281,-0.0248481098768955,-0.1077035458542212
2010-01-01,0.0422823060443278,0.086245042614216,0.0578644239286063,-0.038246279581628,-0.0798174627226337,-0.0271356676821454,0.0097968059638482,0.0308227960202671,0.0726484696811091,0.0424597931550962,-0.2258820023877135,-0.0677543099296151,0.0034173051151498,-0.0735195348520001
2010-02-01,0.0494980987211697,0.1016136763254742,0.0657159527819466,-0.0214228153983739,-0.073427193570847,-0.0174522620125294,0.0138429094281953,-0.0086564000045967,-0.0143894880970094,0.0535077182103513,-0.1153128661839524,-0.0862264364885483,0.0203745198803808,-0.0259831852018415
2010-03-01,0.0743952902534808,0.0680892963627499,0.0542455138972712,-0.0121342939280921,0.0222040288345226,0.0423474447796792,0.0067979236067259,0.0397616609472137,0.0070171202525664,0.0251298332149971,-0.1437231720866059,-0.021760372103273,0.0535022436603789,-0.0333252901434022
2010-04-01,0.1254369593005684,0.136824215520054,0.0748033019612961,0.040649302926532,0.093205003692006,0.1656271921907581,0.033475572267509,0.0459607349705493,0.0695798225107857,0.1030599986145226,-0.2617986230387537,0.0338352694803312,0.1334988598368802,-0.0965669978135217
2010-05-01,0.1198721516172831,0.1668162555044929,0.0753284268200218,-0.0201688815707932,0.055488332165865,0.1775493194239636,0.0119827495546296,0.0353964705005722,0.0561816529227137,0.1267654424115534,-0.076499850274363,-0.0040577950171893,0.0688064120434504,-0.0485921896437808
2010-06-01,0.0782246497997931,0.0665755049985286,0.0578947388252224,-0.0294870880509172,0.0117872311668207,0.0618220634850636,0.0343176294212028,0.0193207610615608,0.041736711810433,0.0507129726332564,-0.0816480075339463,0.0077014551751624,0.07128636477632,-0.0587748222250041
2010-07-01,0.1175097770987108,0.0648217226680571,0.0754136221282557,-0.0222725393675524,0.0616891497330165,0.1024576997928967,0.0155535086771188,0.0469501762605091,0.0545068066627862,0.0545660901646556,-0.0182529924111705,0.0124776540076609,0.0892659547505694,-0.0389756520582764
2010-08-01,0.100553005510978,0.0416234355230287,0.0849140945659385,-0.0355186736856829,0.0133787079907037,0.0558340056684123,0.0065511774969557,0.0035420885738481,0.0030009499072924,0.0497645250569114,0.0034530112927377,-0.0201137758336287,0.072796288640653,-0.0289128936281564
2010-09-01,0.1146610198628579,0.0584725806295765,0.0891480060171048,-0.0398895855876872,0.0728354295830229,0.0966098559250241,0.018445750059179,0.0057511587073051,0.0462500260775087,0.0519656724119563,0.0224358628347545,0.0098353855069213,0.1301500404203821,-0.006751412519435
2010-10-01,0.0567439686776474,0.0447514857596615,0.0779768081445873,0.0097901014480932,0.014263413283917,0.0347559312274832,0.0659122424631952,0.0059073650801515,0.0037964783133155,0.0197737365018362,0.0133828599466738,0.0475512098874162,0.092536255345319,-0.0420750255394928
2010-11-01,0.0748126812977183,0.1118675465195551,0.0497654411682688,-0.0764817285012746,0.0305905555452667,0.1043993427046707,-0.0328946010172614,-0.0097552746840818,0.0484043865439502,0.0967208482716976,0.0567361331705669,-0.0707432744038243,0.0512945522072918,0.0306153924916188
2010-12-01,0.0952367174379134,0.1044239090609124,0.0871551326808663,0.0277904856967339,0.0568428185219112,0.094442319730394,0.0744028083843098,0.0418562180559689,0.057750065028042,0.0796807403804145,-0.0283687689122587,0.008503735576447,0.0988090584296585,-0.0240623784212097
2011-01-01,-0.0153040899431005,-0.0996882665338994,0.1121304994382015,-0.0615369119740059,0.0001910455610207,-0.017183715803501,-0.0364299352562369,-0.0552280799048929,-0.0238016202583857,-0.0777729147105574,-0.0046276266720326,0.0185935990316892,-0.0469266801698218,0.0750213642242734
2011-02-01,-0.0105443069266932,-0.0714265513355201,0.1281640035388136,0.0034634959550601,0.0272546249147289,0.0171785417340508,0.0438717660314011,-0.0297066697277763,0.140794794197415,-0.0567190136758171,0.0890769273687759,0.0668214530317712,-0.022732746675917,0.0639341427371604
2011-03-01,0.0320292511697459,-0.0484933404412046,0.1567047081909862,-0.018530376108476,0.0661122919474692,0.0756982093423843,0.0184094660761573,-0.0258490453465682,0.1096083321200147,-0.0008259970295689,0.1031249979871766,0.0980803890221011,-0.0028319329657122,0.0942940336107476
2011-04-01,-0.0057571848062281,-0.149772385051488,0.1110727774739075,-0.0813762586126713,0.0079293893595107,-0.0393197943848875,-0.0153168938063039,-0.0661664780543667,0.0466725604283091,-0.0946439399882734,-0.0528785332725831,0.0939052428782787,-0.0253006770180377,0.0274007655915617
2011-05-01,0.0145169195440537,-0.1148437559147552,0.1109344475845546,-0.0152454548056866,0.0317897696971272,-0.0582816389403859,-0.0094654635628756,0.0092007914360721,0.0111650630523101,-0.0988383581261871,0.0634710584042999,0.1290400215758254,0.0127110140397981,0.0398173201583809
2011-06-01,-0.020747410899478,-0.0481257253971918,0.1062445638569862,-0.0218987882781647,-0.0138008303436443,-0.0332834813910061,-0.0063663922095358,-0.0114393936581187,-0.0593813610063129,-0.0355943206604081,0.0142790255052744,0.0628620569590268,-0.0096483458373377,0.0196866887644979
2011-07-01,0.0098003211600996,-0.0678877363773793,0.0970630778948198,-0.0308852416880931,-0.0093862016635419,-0.0140065081916382,0.0108318024137687,-0.029652433046305,-0.0021255019426291,-0.0411651944589728,-0.0837585889293848,0.0748034618867237,-0.0083346358480547,-0.0069602498002367
2011-08-01,-0.0366303579057607,-0.06405318864741,0.0870176392347694,-0.0203192342283422,-0.0384984333514637,-0.0319774785855813,0.0220807538559739,-0.0085826544154095,0.0112816144851031,-0.0379077801432643,-0.0503487078437601,0.0476073500262828,-0.0120458899003601,0.0026634250927131
2011-09-01,-0.0939491060715909,-0.0758413807241851,0.0668560745807305,-0.0186220110362889,-0.1451101767395108,-0.1286723152574822,-0.0081202607520793,0.0126354740642646,-0.0324944913622751,-0.0449421872353816,-0.0968357321534476,-0.01729994644813,-0.1108883132978704,-0.0346868165700797
2011-10-01,-0.0578576362413478,-0.0629736003892311,0.0320546109237014,-0.0546334110914905,-0.0790848298797648,-0.0718290046610974,-0.1025762095871591,-0.0504902307966368,-0.0225977787686808,-0.0302867400011059,-0.079710215233625,-0.0271287724610687,-0.0850050516742868,-0.0095577492104439
2011-11-01,0.0165222675806901,-0.0536892276249538,0.172294452480294,0.1459069518177997,0.0620697985765694,0.0271537508715518,0.1562209075675866,-0.0146693378787077,0.0160414543076612,-0.0303733735852347,-0.1061019428999259,0.1981032577104713,0.0377551277182632,0.0015357764040437
2011-12-01,-0.0974463772350837,-0.1741804371781725,0.0415344434579481,-0.1065819249817821,-0.1165468060332237,-0.1468446412774078,-0.1248067325024848,-0.1138547766543069,-0.1245255074335993,-0.1586903418036698,-0.0452782511627347,-0.0836223828048972,-0.1270121412507059,0.0354004087620296
2012-01-01,-0.0599694830849344,-0.0858993358011233,-0.0666554822309386,-0.069274297966043,-0.0893904452961784,-0.0572687056760052,-0.0724829330051797,-0.0153533247072061,-0.05597267959239,-0.056665458112949,0.1197126788633475,-0.0438452389908796,-0.0804746051071525,-0.0454691831974791
2012-02-01,0.0723780283762458,0.1203011841273671,0.0231729337421811,0.1083629570346857,0.0555114532528264,0.0974994965221895,0.0865385603747199,0.1228978307680677,-0.0316347362408713,0.0671290558517156,0.044293524155865,0.1082627255947841,0.0113748477967021,0.04092392325553
2012-03-01,-0.1068960851227593,-0.0762883394620566,-0.1487320058161003,-0.1465220107746461,-0.1387298705734707,-0.1122902575859008,-0.134195150523972,-0.1146429605076058,-0.0338425812122551,-0.0719907383226399,-0.1116591826481467,-0.0967741962810819,-0.1005081324626004,-0.0767691031634427
2012-04-01,-0.0121534016237028,0.1255729220592911,-0.1371672459154922,0.0234248471859856,-0.0174104269658244,0.0596362991524159,-0.0747718290580436,0.016421761854886,0.0357414132575506,0.0945877484434447,0.0686919716553084,-0.0976522743820105,-0.0535768182064373,0.0117547985021992
2012-05-01,-0.0817268113103608,-0.0579590168478567,-0.1091895012023478,-0.0683858410554485,-0.1041735688528042,-0.0414684644396139,-0.0671556681290539,-0.0766564846314992,0.0851058341309318,-0.0222191104124647,-0.2217779421994592,-0.1018044805573374,-0.0923729426148085,-0.0302422928548722
2012-06-01,-0.03687136101885,-0.0252239386259063,-0.0874997641250807,-0.0540669439738543,-0.0300576471522049,0.0344819222270658,-0.0512819589677597,-0.0262169379030474,0.1741584875466699,-0.0094542245033117,-0.1302660561733226,-0.0307829405835136,-0.0439253770359329,0.0094491077737863
2012-07-01,-0.0791334056497632,-0.0290262741674141,-0.0982592579351582,-0.0514113585250655,-0.0671245560320201,-0.0215686581882081,-0.0533512856132887,-0.0180351499601449,0.1025581977620291,-0.0098157824488431,-0.0214576503819508,-0.0525473114174204,-0.0587046430776041,-0.0066290621310436
2012-08-01,0.0056139994944395,-0.0054227810981792,-0.0778866828462128,-0.0464056349833157,0.0002332780572658,0.0420839423646306,-0.0432433555458295,-0.0077189274301368,0.0616099813033024,-0.0086490590393637,-0.0354606350309687,-0.0071690508477182,-0.0307608006763295,0.004914810377862
2012-09-01,0.0223783527028622,0.0242534771015137,-0.0935825522034043,-0.062505344209903,0.050290736643813,0.1023613967407719,-0.0588003441310753,-0.0666015054145638,0.0915069896801483,-0.0013798847373607,0.0085610738418004,0.0105171794968192,-0.0020815143843293,-0.0162455682135451
2012-10-01,-0.0106525359628513,-0.0141897055205824,-0.051623796074594,-0.1205436090502445,0.0095489688968299,0.0566229741474906,-0.0669048413807154,-0.1033719661713163,0.069118628921867,-0.000188985531679,-0.068342522101112,-0.0784551495942729,-0.0419456999965852,0.0166183263736954
2012-11-01,-0.0471848219167903,-0.01156131682594,-0.1338013545684333,-0.2391023799315981,-0.0995225104467856,-0.0305977590682751,-0.2130070779667932,-0.1133845559315283,0.0223808947089594,-0.0191843205475663,-0.0681007214578492,-0.127264573213278,-0.1115679403641429,-0.0264515444411053
2012-12-01,0.0613051872501557,0.000407427547266,-0.0154409002207103,0.0174329006673161,0.1411961456707082,0.1551228298975395,0.0545482038315441,0.0187366751034936,0.1195755642797067,0.006883465145087,-0.1694221062572545,0.16378437345098,0.0571263260990306,-0.0532857818770793
2013-01-01,0.0596628525263938,0.1022756300191467,-0.0957676841766321,0.0003893982524232,0.0914454390550147,0.1310381768000645,0.0151140708552581,-0.0527603765278108,0.0600511295946724,0.0538761058318542,-0.0742462242798964,0.007678816803736,0.0853221896137874,-0.0948614846814663
2013-02-01,-0.0763549742166311,-0.0424640489131675,-0.2045035168736113,-0.1625463859016065,-0.1357870094447157,-0.063990398611839,-0.2152071182051926,-0.1369475732548686,-0.1263941753916775,-0.0367573789719912,-0.1327648350708195,-0.2410499952736096,-0.0645306088115873,-0.1445101635189765
2013-03-01,0.0992554991788594,0.1869367520397276,-0.0616745431406684,0.1484051781374091,0.1015046541419124,0.1817983382359251,0.130115461081484,0.0449069505216925,0.0524014339323386,0.1205071799422157,-0.0071519725847153,0.0180147175842861,0.0884170870322691,-0.0707400202410255
2013-04-01,0.0129459135640424,0.0032179106851444,-0.0544283851966795,-0.0374637000941575,-0.0290055020837769,0.0185638239164553,-0.0066134730701215,-0.0966888000421306,-0.0012556684614075,-0.0358780096349171,-0.0441775123867635,-0.0350203290231334,0.0167509678913759,-0.0785228982812569
2013-05-01,0.039922469895405,0.1114972130573974,-0.0845114143161858,-0.0060455685080462,-0.0152345116228929,0.0508895768810688,-0.0261208387794802,-0.0635420897766323,-0.1252316166033829,0.0284637458565235,0.0610513212659462,-0.1017770388581489,0.0110646773620679,-0.0782493476838155
2013-06-01,0.0127026068251439,-0.0154123756987303,-0.1136389166945086,-0.0182851110709201,-0.0769963952665619,-0.0336513892534178,-0.0443403398307005,-0.1123535045213586,-0.0878782264852446,-0.0304247442829215,-0.0019325353000638,-0.107941183619765,-0.028201164463951,-0.1300591062439906
2013-07-01,0.013056741419188,-0.0105435651444487,-0.079220856251343,-0.0157272373379271,-0.0483829780866855,0.0047579748822172,-0.0289202505515575,-0.101425684175691,-0.0844215119706284,-0.0290739829764099,0.0510241115186502,-0.0843081815187574,-0.0213388261207931,-0.0985956581305558
2013-08-01,0.006776397724348,-0.0290137120239393,-0.0823448069420962,-0.0193019009710582,-0.0467052272864023,0.0006030389275117,-0.0300204239531609,-0.1062928402909726,-0.0550003386634827,-0.0325107028163209,-0.0895767289687015,-0.0868767611165814,-0.0131872902343701,-0.1028163865866815
2013-09-01,0.0245576985062072,-0.0515688418358735,-0.051783078191633,-0.0073970230394984,-0.011960814736895,0.0226092185965427,-0.0090346155811218,-0.0679607588462118,-0.0210190856571514,-0.0239303024693313,-0.1184762577657174,0.0057783904928001,0.0333617174428049,-0.0786935530788568
2013-10-01,-0.0133420293115591,-0.0975121963308787,-0.0554981216596601,-0.0453078349509965,-0.0080804124627178,0.0101300121112082,-0.0484958165087725,-0.0706125963242136,-0.0633417110549992,-0.0737087325079706,-0.0513662292318422,0.0194555712113988,-0.0220448417345089,-0.0940208200090566
2013-11-01,0.0153807891735269,0.0048895189349664,-0.0741903241468442,0.0632173581678081,0.0139423641943174,0.0494322753270424,-0.0066450949170437,0.0103828024164371,-0.0431493996603613,-0.0080197656261375,0.0076868771736329,-0.053246799432653,0.0379613812291665,-0.0644031117456691
2013-12-01,-0.0779537441523707,-0.0223295135872909,-0.0647776891988698,-0.0511248582095937,-0.193226390063451,-0.1334319225200069,-0.0458927336031145,-0.0656298321104493,-0.1395655801314745,-0.0216675345191994,0.2119355236399833,-0.1643718965929039,-0.0671761101491981,-0.0273653393652431
2014-01-01,-0.1046904444343503,-0.1480650386317386,0.0136331241373532,-0.096852934095299,-0.1129678414126509,-0.1223958186883393,-0.0441634938455095,-0.0799652671749413,-0.0280467968504218,-0.0770123139896945,-0.1170392232543164,-0.0909640326326695,-0.123227851212107,-0.0129711461303614
2014-02-01,-0.0868841311092616,-0.1883210459825086,-0.013080065149353,-0.133373820912265,-0.0138210319615055,-0.0910275633710142,-0.0443879153516562,-0.1538083360666071,-0.0025851800325789,-0.1143624709346688,-0.1142421715938866,0.0138199650057941,-0.0756071517355216,-0.0370485699224261
2014-03-01,-0.1295060196844879,-0.2072183669459981,-0.0176423596794386,-0.1643538264421913,-0.1188174815005496,-0.1702234113452014,-0.1665496503058783,-0.0736468935140663,-0.1323162630862455,-0.1387656955630412,-0.0080422117594096,-0.1187016753592189,-0.1309167268671487,-0.0296777828949643
2014-04-01,-0.0462360037094349,-0.1273295367558518,0.0360014982150715,-0.0209611571086938,-0.0138545269185215,-0.0648572325588858,0.0054402424515842,-0.0093030098342019,-0.0356100119123077,-0.089333577705144,-0.0318347208129523,0.0393822437586663,-0.037672215065136,-0.0760357611043822
2014-05-01,0.0003041497854354,-0.1085985843413048,0.0677996836658003,2.054256370342955e-06,0.0084704921301224,-0.0085081553163774,0.0183754474524953,-0.0106829057870072,0.0874862206269391,-0.0377396099016316,0.0103099909919066,0.0771841671927795,-0.0169793324692371,-0.0124066637236666
2014-06-01,-0.0031197655321726,-0.0113035681028925,0.1007877664455634,-0.0287812218478649,0.013149162589471,0.0095394270598134,0.0297499136984953,-0.0127593301318249,0.0424682802125353,-0.0055941714531826,0.0621494855251967,0.0224014105236207,0.0055577320093362,0.029021124414541
2014-07-01,-0.0114144089699266,-0.0241841544152663,0.0678235808445393,-0.0408655852654504,-0.0025503003700748,-0.0040402668914509,0.0154994099341472,-0.065118429190619,0.0200671099823779,-0.0148543466956176,-0.0451514791448559,0.0089438827162062,-0.0220348607290823,0.0102978966256941
2014-08-01,0.008193955565293,-0.0036702410756355,0.0706244375104816,-0.0485700773017505,0.025787517699495,0.0137084451643438,3.615286392388839e-05,-0.0585816667824623,0.0425434279712995,-0.0228223960685625,0.0501172350686083,0.0172730781516996,-0.0441374415489015,0.0123598929438202
2014-09-01,-0.0155801193957607,0.0385059882986595,0.0856336460053022,-0.0293496341011412,0.00362751021445,-0.0211963555496055,0.0217276568752922,-0.0348195681412235,0.0104324281699703,-0.0028046020552423,0.0836495799468082,-0.0187434178616285,-0.0340606213623004,0.0271778055870086
2014-10-01,-0.0250791133621852,0.06221228202374,0.0668845224575669,0.0047021040018329,0.0034057215821903,-0.0329752376985936,0.0651781242435696,-0.0004019993742581,0.0639962044415867,-1.590322707301084e-05,0.07623946396685,0.0159410357795302,0.0086253024480527,0.0034019332330537
2014-11-01,-0.044203547383212,-0.0432724525767795,0.0771757436542124,-0.0525874221309727,0.0129019974488464,-0.0237133981001314,0.0542361661943928,-0.0630259362401908,0.0591424338870858,-0.0144062726431037,0.049144556682144,0.0815279630416228,-0.0347882056992787,-0.0241332519387
2014-12-01,0.0045668299487786,0.0406881104746226,0.0189633420489236,-0.0019438509540599,0.0527037327351074,0.039918548826126,-0.0088056992978557,-0.0132942333561061,0.0723343653367223,0.0525737461934241,-0.0384477334467447,0.0020389437232566,-0.0373700953087485,0.0168468930916816
2015-01-01,0.0123640138354659,0.1072558719080873,0.0695943852743461,0.0521664774089885,0.0124579842034258,0.0036550885203681,0.0263062880570963,0.0111260007697211,-0.0251137512272379,0.0533611987710607,0.1491606000039667,0.0194490193367506,0.0174001326201107,0.080513260822169
2015-02-01,0.0593346631178093,0.1289467630791385,0.1004519335543001,0.1137030761363071,0.0593469166047775,0.0878051351672688,0.0887275744857163,0.0778836616795608,0.0601071684296279,0.0967477024144756,0.1282937678284952,0.0437333343927939,0.0599335576798516,0.0571679534429385
2015-03-01,0.0718619128846889,0.0888140798408336,0.1010945490747694,0.0711116504461983,0.0721518339568447,0.0653874725843017,0.1144193480598403,0.0052256559781049,0.0695959431047796,0.0675686419387453,0.0508915824716531,0.0899945235199091,0.0655082382704641,0.0194418130737084
2015-04-01,0.0312726805713516,0.0919177378871651,0.0563979803370671,0.0440891728555179,0.0102477715301958,0.0152711650943402,0.067407874243262,0.0070886764528204,0.0883431157223313,0.0989765148428674,0.1140954191968646,0.008994055418718,0.025663364501959,0.0724678814008612
2015-05-01,-0.0295075058568556,0.0362763764447322,0.0081611898371889,-0.029228057760843,-0.0100635993484843,-0.0292684705708516,0.0334031828698755,-0.0204300010237723,0.0774116121183929,0.0437449180629734,0.0018086116590261,-0.0508646051984094,0.007795765876601,0.0248492556845327
2015-06-01,-0.033792551987716,-0.0131560266101935,0.0063668317216958,0.0078178058540672,-0.0197143335766973,-0.0417495055256686,0.0122160554864798,0.0175385837042867,0.0428960376206859,0.0243286209091699,0.0659806247253946,-0.0158412722772958,-0.0082877014910742,0.0565335853446207
2015-07-01,0.0106396290252916,0.0179463743294476,0.0464433195326314,0.0245542809427412,0.001946261366843,-0.0285974646787892,0.0385046838285667,0.1098532409937647,0.0686476405570992,0.0448017575067218,0.0606505927674625,-0.0032121616406399,0.0277379877844268,0.0989179751765796
2015-08-01,-0.0120291067434905,0.0261969697145438,0.0327511015552808,0.0299634604659786,0.0048943253762985,-0.0103968867063386,0.0627643085815492,0.0584689421139508,0.0787731029853411,0.052514123797053,0.0432632715094882,0.0163602966934313,0.0492819717658612,0.0572942321203804
2015-09-01,0.0233219718254282,0.0691257196982313,0.0007750892161482,0.0145192362520241,0.0255228885816087,0.0343448581137799,0.0413348430916222,0.0297039398507621,0.0736858246139071,0.0595983375618658,0.0304820693048704,-0.0170585926341466,0.0189742568428883,0.0296822119467563
2015-10-01,0.0455481908067909,0.0891106070480809,0.0175765667801819,0.0707634397906744,0.0015839521369542,0.0381508093313804,0.0763625332841861,0.0418766298948511,0.0660625080988985,0.1044364333461125,0.0846497745418553,-0.0014307382286595,0.0165461194479412,0.0428294078774591
2015-11-01,0.0201549138318952,-0.0007485010131631,0.0600589971999738,0.0583938274353421,-0.0526924451737009,-0.074087645517153,0.0693797131252615,0.0461935983019543,0.0279216389605778,-0.0213280061449339,0.0276691631505059,-0.0739923947418041,-0.0028948350171909,0.0668705360340773
2015-12-01,0.010102741050094,-0.1259255419530731,0.0461512475149739,-0.0170367820659329,0.0188960826900661,-0.0240541225542862,0.0227701849539379,-0.0029339485455466,0.0322942776676917,-0.1187165451807032,-0.0622409314686329,0.006409958295098,0.0244219870826682,-0.0125655807062301
2016-01-01,0.0402471653634073,-0.0682324560046261,-0.0494379682853676,0.0439754068116258,0.0370336787727332,0.0036520849668484,0.0481443744466183,0.0054548453456426,0.1031051239909182,-0.0535251430130472,-0.1433044980441096,0.0285705009052854,0.0474294373191419,-0.0589300093294227
2016-02-01,-0.0585468793550276,-0.0760295441095983,-0.1502107963120416,-0.1291415608681525,-0.0638868668040366,-0.0908455884245214,-0.1374545046850599,-0.0913685588142598,-0.0751829868679081,-0.0619721525568692,-0.0917285595163797,-0.134974837017257,-0.0383919219295201,-0.0459145390857251
2016-03-01,-0.0095354980701785,0.0093466325015967,-0.104993677314269,0.0050226980469609,-0.010952543885903,-0.0214482493813967,-0.0166761939144493,-0.0078929339031716,-0.0459093072499605,-0.0206050731349733,0.010350570180762,-0.0687373194689797,0.0035924719842554,0.0398670795165898
2016-04-01,0.0054110870112751,-0.0010916077137217,-0.1414434787075364,-0.0594660146628776,0.0524263674326483,0.0357248309540594,-0.0263337200147582,-0.0689793267530056,-0.0666699255258578,-0.0123736387270945,-0.0717011321902383,-0.0858709363774465,0.019444282811083,0.0096669612451023
2016-05-01,0.0178552949490189,-0.0588834996583678,-0.1097319155268827,0.0129390614962154,-0.0089830565291748,-0.0257123917939807,0.0238047594962189,0.0099843335316123,-0.0970498667111883,-0.0569180346803115,-0.0487040746144877,0.0358014751958322,0.0250058850707119,-0.0297463400255608
2016-06-01,0.0318371960694356,0.0152451221329208,-0.0699054846495563,0.0150420286849488,0.0463057899682759,0.0357456686710051,0.0453508746118842,-0.0366434223935812,0.0275267240691903,0.012703699592091,-0.0679186794041442,0.0104340631302974,0.0540476504708493,-0.0564176123619404
2016-07-01,-0.0142337815508035,-0.0024594300105462,-0.0316985521626733,0.0033164482030194,0.0212438009175528,0.0264814497376306,0.0126571469690368,-0.0776526287632854,-0.0335683568073292,-0.0337959054500949,0.030554731162546,-0.0173120830060753,0.0303405542195989,-0.0871968363592046
2016-08-01,-0.0269772590674648,-0.0111144772245701,-0.0145801007540526,0.0067509518693356,0.0306522324346829,0.0122256181752362,0.009794461403608,-0.049789918095648,-0.0881884039432243,-0.0170261902733415,0.0544405850269562,-0.0118256005021279,0.0280251667585886,-0.0458201665892836
2016-09-01,-0.0377743450545082,-0.1128427535333109,0.0147732242329396,0.0209225025431649,-0.0415166085144989,-0.0731092817149985,0.0147103271236694,0.0031110829798706,0.0037018625636449,-0.0189678217739626,0.0328204441587658,0.0004876400380418,0.0112566360639974,-0.0295553283070297
2016-10-01,0.017356421110847,0.0120556244292835,0.0341220343388535,0.056828586849015,0.0198422439310803,0.0010301020168803,0.0488488853598454,0.041443761516831,-0.0594677813887081,0.045061025573382,-0.0180905275308767,0.0178797838179107,0.0306022851494383,-0.0050884795088741
2016-11-01,0.0648397696443012,0.081537373071356,0.0212166580318786,0.040578317245,0.1245448963663626,0.1185211146654978,0.032136876972487,0.0451400169184736,0.129900207396524,0.1176512122501058,0.0555783572560137,0.0970813429515189,0.067507736105707,0.0205013100558097
2016-12-01,0.0668687581966125,0.1491889179450787,0.0544011573496945,0.1096232542093851,0.0145518817245431,0.0173392446460347,0.0900448618070974,0.0486553643133937,-0.0056445287235398,0.1421836103151577,0.0866530601296631,0.0288346137750465,0.0278918797876919,0.0331134359438429
2017-01-01,0.0713012757600317,0.1288108298882093,0.142823448060259,0.1602763391416246,0.0573651513283337,0.0531707317083345,0.1650062887524157,0.1150284939010646,-0.0541751627279651,0.1146379824664443,0.2114618816325233,0.0947635856544799,0.0829788010793279,0.1481433112889227
2017-02-01,0.03880388032767,-0.017243473761578,0.1812511289528835,0.0544296932026568,0.0471397324628739,-0.0020286170224146,0.1408884779614858,0.0151589902784401,0.1045306971177382,0.0163204804392584,0.0982979704676658,0.1368785214972518,0.069000411762218,0.0295359841867046
2017-03-01,-0.0256854952753613,-0.1035772928614271,0.109280992614309,-0.0922120930054717,-0.044821107707289,-0.0796217720027137,-0.025534985844569,-0.0864925348277942,0.0612815865585538,-0.0535564058050219,0.0520692609564541,-0.0011443563349011,0.004957549630884,-0.0533886610526899
2017-04-01,0.0429681103002472,0.0328642173822331,0.1256650362842251,0.0714665672102441,0.0321690553709892,0.0058109373864816,0.0985654736104848,0.0391464311536786,0.1120527087044003,0.0083059957062623,0.0945812758306487,0.1499796952784358,0.0684921463800165,-0.0165005941906102
2017-05-01,0.038644445327705,-0.0040547824488932,0.1215286913484199,0.0292602296387585,0.0692229487650664,0.0609108864938825,0.0326795379258868,-0.0363897884363986,0.1162233812212392,0.0057246074385943,0.1637186449181982,0.0588488265393465,0.0652905185096024,0.1042397380581761
2017-06-01,0.0449295700059551,-0.0044477752275078,0.0294791839570898,0.0306194573804532,0.0155195056154866,0.002589430809639,0.0212713534465684,0.0191799515187724,0.0157019836445222,0.0238128830236021,0.1171839200439848,0.0502939476813892,0.0594871460844395,0.1174400807631315
2017-07-01,0.0866891358203645,-0.008162584046218,-0.0204441550371896,0.0397052894569043,0.0180164104255204,0.0209194175835207,0.0260907338439615,-0.0180263264552529,0.0803010664574941,0.0120104285027835,0.0328488342094175,0.0564939570891915,0.0742981722345099,0.0827821338380161
2017-08-01,0.0750754410899219,-0.0209697527384982,-0.0165261576265471,0.0212754747031986,-0.0144333037872357,-0.0020662427899651,0.0283895717650395,-0.0052514264747749,0.1226826636176063,-0.0591633352956719,0.0623094549430582,0.0273045469519992,0.051919139260633,0.043274127848349
2017-09-01,0.0917637419091796,0.0222752806030399,-0.0115997694834852,0.0007283344868866,0.0505603018897637,0.0842791339728279,0.0196904101042854,-0.0899071150370609,0.0188790968235821,-0.0309540180660405,0.0030097961558652,0.0324635760318372,0.0692228494020703,0.0363776567113092
2017-10-01,-0.0361833858813085,-0.1266741946848917,-0.0117638698502169,-0.054977458123961,-0.0516446035679045,-0.1190134144925139,-0.0553723851517489,-0.0746059111619459,0.0459193709288463,-0.1188636771951827,-0.0008646501756253,-0.0123165272966367,0.0256440184366049,0.0665387546273166
2017-11-01,-0.0330210811303253,-0.0115931338208277,0.0223953379684012,0.0080405689079583,-0.0540189997778632,-0.0756476935528631,0.0065498890085429,0.0238467894084877,-0.1076729561971205,-0.0253431186908876,0.0135316262921385,-0.0260907306547899,0.0066701012546346,0.0881979929167506
2017-12-01,-0.0532684513200045,-0.0276516163742961,-0.1011814290422457,-0.0847477310399646,-0.046542219580079,-0.0789579470187149,-0.0846610065424968,-0.0048297490906783,0.0315333659625629,-0.0029463018329494,-0.0095081564838537,-0.0665193812351034,-0.0029987393291932,0.0565548598637377
2018-01-01,0.0164762167469696,0.0024249511540404,-0.034781315438888,-0.0396809303977043,-0.0059441169081146,-0.0437099502273241,-0.0373939719563658,-0.0231820271101454,-0.004814601010306,-0.0227031348026329,-0.0492988718116009,0.0100868887959499,-0.0191299463871779,-0.0299996781537252
2018-02-01,-0.0154101731327855,0.0056563545517249,-0.0269211882003936,-0.0367497954154139,-0.023114463543763,-0.0095598777600081,-0.0397160003529251,-0.0200891671181508,-0.0091495884010335,-0.0115027545838692,-0.048016945596597,0.0091684944300318,-0.0147046190760171,0.0018272266492616
2018-03-01,-0.0437803099939522,0.0034836778280471,-0.0199653004394413,-0.0316689801064029,-0.0180900842740889,-0.0197358559431712,-0.0353039815793962,-0.0169621274462805,0.0005932444415961,-0.021361955569116,-0.0494783406615688,0.011986553059387,-0.0043346175364256,0.0338514757267738
2018-04-01,-0.0630124677843291,0.0058058940197582,-0.0050889089705385,-0.0268155098113673,-0.0138304443177119,-0.0171373135447368,0.0010278136127261,-0.0128814622772281,0.0002005148871475,-0.0358792412268762,-0.0566118559317097,0.0138280152298264,-0.0106743113364267,0.0096757453206564
2018-05-01,-0.0988698764184548,0.0093590002454533,-0.0133513533708189,-0.0245105970520462,-0.0279107362133288,-0.046298556885322,0.0026357594550567,-0.0104027099713839,0.0406437450242833,-0.0687557007753518,-0.0632015404396426,0.0115271423432012,-0.0144758711730013,-0.0273982174398632
2018-06-01,-0.0604171261611554,0.005713781197759,-0.0177306939522843,-0.0270946472647892,-0.0042027906381783,-0.0503541662497042,0.0005469761558174,-0.0121159399170132,0.0126122092878979,-0.0309226579605415,-0.065761360768473,0.0119813334267071,-0.0106431074013784,-0.0484502101730619
2018-07-01,-0.0749243258602732,-0.0004191462307794,-0.0253289007338075,-0.0295974289895681,0.0001298409416072,-0.0544996180313717,-0.0058903266159653,-0.0148061311469867,-0.0106077814491669,-0.0376384696705009,-0.0692616460595445,0.0104943405339739,-0.0159782250788005,-0.0304434587412529
2018-08-01,-0.0646980478610075,0.0017658315284272,-0.0247881089884351,-0.0260011332405802,-0.0052141624647283,-0.0513447686010302,0.0046717775640772,-0.0121876501107109,0.000144692446593,0.0018489300990189,-0.071174730178253,0.0094855173152907,-0.000475209356459,-0.0048415437302011
2018-09-01,-0.0755083931779232,0.0013655118205342,-0.0227422577413349,-0.0233334536297853,0.0093068582519713,-0.0608730509975607,-0.0064058602571037,-0.0117542859265107,-0.0025919899892734,-0.0195042406880929,-0.0665088609962616,0.0147337279461048,-0.0055893114788858,0.0002826025836277
2018-10-01,-0.0478638879284076,0.0090904743204411,-0.0208761888255253,-0.0280644870571649,-0.009651530145355,-0.0033740977251461,-0.0017537057684968,-0.0163672773451466,-0.0077184768362705,-0.0260516135254924,-0.0618650510313756,0.0161981030615088,-0.0173332105459635,-0.0215799237866569
2018-11-01,-0.0205749776081702,0.002010637476264,-0.0245289046268055,-0.0317553975702935,-0.0015483237681657,-0.0148337754657212,0.0064901738820815,-0.018202975840218,-0.0037674833388727,-0.0398603854726786,-0.0547363941313463,0.0133191814030482,-0.0063894831333826,-0.0298312413973782
2018-12-01,-0.0302401290648752,0.0026098905286566,-0.014941182851679,-0.0376092815435704,-0.0161750875824893,0.0161197651879803,0.0038488183338927,-0.0211666212933927,-0.0005265699459187,-0.0195159092787164,-0.0468263978609009,0.0103677501649634,0.0038163887104722,-0.0254733677345981
2019-01-01,0.0184564068024641,-0.0104754447794981,-0.0291592222134653,0.0044226158363613,-0.0126626205370214,-0.0455185269033933,-0.0140229742948818,-0.0245314798468179,0.0247114005149917,-0.0278753912796183,-0.0547127241612095,-0.0118351962439078,0.0572665221974375,-0.0754573011708004
2019-02-01,0.0158562291053883,-0.0113661920159273,-0.0265521498289338,0.0125059189363909,-0.0455324506053109,-0.0507218855798043,-0.0027749962138869,-0.024711263827676,0.0192996988781892,-0.0478083355374039,-0.0470314521621162,-0.0128257283324302,0.0201306470205118,-0.0611239558694052
2019-03-01,0.0181430556209711,-0.0086586694046495,-0.0217352350017669,0.017137211346899,-0.0245391365587153,-0.0595166742667103,0.0100908167056559,-0.0429245132733306,-0.0029535666291913,-0.0257795752999037,-0.0487769915215068,-0.0122162176456193,0.000152288680205,-0.0443451042169655
2019-04-01,0.0172655778624459,-0.0105062192696401,-0.0128571285365275,0.0185444556466514,-0.0045033513185614,-0.0577340250189166,0.0087664125766018,-0.0284989687205978,0.0189154297954097,-0.0066288570664347,-0.0558101412483758,-0.0105023261562529,-0.0023473053900566,-0.0344248645135643
2019-05-01,0.018091261997629,-0.0102616034522604,-0.0176857301181492,0.0258055922394291,-0.0310834238601138,-0.0720950592190163,0.0094454589902355,-0.0148275235100854,0.0403473404388066,0.0451513597570034,-0.0675696163440271,-0.0110754372402048,-0.0293705490283322,-0.0536311126830746
2019-06-01,0.026836000342822,-0.0064738684627734,-0.0205597607656393,0.0252836665046025,-0.033731384302893,-0.0693530367462891,0.0073688273895839,0.012400453802428,-0.0248403067821953,-0.0244026569561093,-0.0725203879712594,-0.0090724755016644,-0.0413425810796539,-0.0542004118426611
2019-07-01,0.0317336289490199,-0.0015464921778871,-0.0251988192398364,0.027390507175351,-0.06580287517016,-0.0797266535301517,0.0062237554352506,-0.0017832483701845,0.0240043737223025,0.0055955456938185,-0.0804173014246352,-0.0102974793586803,-0.0381307818231384,-0.0563569881326664
2019-08-01,0.0210196351488924,-0.0039618904604061,-0.0241562881145291,0.0265097603086843,-0.0384270441768954,-0.0759895879517991,0.0028346599570596,0.0092264641222712,0.0085609506724999,-0.0445344484903884,-0.0854683205025423,-0.0113348727305329,-0.0493363694327051,-0.0479064603082406
2019-09-01,0.0282739674591923,-0.003768500520767,-0.0209744173531909,0.0266705712139696,0.0127809189290992,-0.0714047756485491,0.0071398321054267,0.0018217867916057,0.0813999627169472,-0.0251352809029796,-0.0750661483415804,-0.011839169630079,-0.0270683301328098,-0.0478081201036459
2019-10-01,0.019886053335373,-0.0095755440708842,-0.0195627813256784,0.0223926613073146,-0.0146893140066168,-0.0579341162414124,0.0055297323654137,-0.0092043244194073,0.0145814762790443,-0.0267799929281693,-0.064327214820878,-0.0117296021445412,0.000105403036084,-0.0533411784942607
