,country,date,year,quarter,trade
0,austria,2000-01-01,2000,1,407800000.0
1,austria,2000-04-01,2000,2,410900000.0
2,austria,2000-07-01,2000,3,401566666.6666667
3,austria,2000-10-01,2000,4,228400000.0
4,austria,2001-01-01,2001,1,285600000.0
5,austria,2001-04-01,2001,2,319533333.3333333
6,austria,2001-07-01,2001,3,539766666.6666666
7,austria,2001-10-01,2001,4,490100000.0
8,austria,2002-01-01,2002,1,559733333.3333334
9,austria,2002-04-01,2002,2,540233333.3333334
10,austria,2002-07-01,2002,3,561633333.3333334
11,austria,2002-10-01,2002,4,592766666.6666666
12,austria,2003-01-01,2003,1,473833333.3333333
13,austria,2003-04-01,2003,2,517000000.0
14,austria,2003-07-01,2003,3,573533333.3333334
15,austria,2003-10-01,2003,4,627300000.0
16,austria,2004-01-01,2004,1,682866666.6666666
17,austria,2004-04-01,2004,2,936066666.6666666
18,austria,2004-07-01,2004,3,1012866666.6666666
19,austria,2004-10-01,2004,4,938400000.0
20,austria,2005-01-01,2005,1,969800000.0
21,austria,2005-04-01,2005,2,827533333.3333334
22,austria,2005-07-01,2005,3,880266666.6666666
23,austria,2005-10-01,2005,4,928066666.6666666
24,austria,2006-01-01,2006,1,1097000000.0
25,austria,2006-04-01,2006,2,1010200000.0
26,austria,2006-07-01,2006,3,1050000000.0
27,austria,2006-10-01,2006,4,1137366666.6666667
28,austria,2007-01-01,2007,1,1229066666.6666667
29,austria,2007-04-01,2007,2,1326633333.3333333
30,austria,2007-07-01,2007,3,1174300000.0
31,austria,2007-10-01,2007,4,1318833333.3333333
32,austria,2008-01-01,2008,1,1306266666.6666667
33,austria,2008-04-01,2008,2,1222033333.3333333
34,austria,2008-07-01,2008,3,1169933333.3333333
35,austria,2008-10-01,2008,4,884366666.6666666
36,austria,2009-01-01,2009,1,866533333.3333334
37,austria,2009-04-01,2009,2,724500000.0
38,austria,2009-07-01,2009,3,871133333.3333334
39,austria,2009-10-01,2009,4,921400000.0
40,austria,2010-01-01,2010,1,850700000.0
41,austria,2010-04-01,2010,2,719900000.0
42,austria,2010-07-01,2010,3,1025066666.6666666
43,austria,2010-10-01,2010,4,962200000.0
44,austria,2011-01-01,2011,1,898466666.6666666
45,austria,2011-04-01,2011,2,902200000.0
46,austria,2011-07-01,2011,3,735633333.3333334
47,austria,2011-10-01,2011,4,727066666.6666666
48,austria,2012-01-01,2012,1,749700000.0
49,austria,2012-04-01,2012,2,845566666.6666666
50,austria,2012-07-01,2012,3,750000000.0
51,austria,2012-10-01,2012,4,818433333.3333334
52,austria,2013-01-01,2013,1,974933333.3333334
53,austria,2013-04-01,2013,2,1038400000.0
54,austria,2013-07-01,2013,3,697266666.6666666
55,austria,2013-10-01,2013,4,877900000.0
56,austria,2014-01-01,2014,1,947700000.0
57,austria,2014-04-01,2014,2,957166666.6666666
58,austria,2014-07-01,2014,3,1154700000.0
59,austria,2014-10-01,2014,4,1201733333.3333333
60,austria,2015-01-01,2015,1,1000200000.0
61,austria,2015-04-01,2015,2,1240000000.0
62,austria,2015-07-01,2015,3,1117166666.6666667
63,austria,2015-10-01,2015,4,1064600000.0
64,austria,2016-01-01,2016,1,952700000.0
65,austria,2016-04-01,2016,2,1149566666.6666667
66,austria,2016-07-01,2016,3,1076366666.6666667
67,austria,2016-10-01,2016,4,1050000000.0
68,austria,2017-01-01,2017,1,697600000.0
69,austria,2017-04-01,2017,2,1156000000.0
70,austria,2017-07-01,2017,3,894733333.3333334
71,austria,2017-10-01,2017,4,989400000.0
72,austria,2018-01-01,2018,1,1016000000.0
73,austria,2018-04-01,2018,2,798133333.3333334
74,austria,2018-07-01,2018,3,1071666666.6666666
75,austria,2018-10-01,2018,4,938933333.3333334
76,austria,2019-01-01,2019,1,1135533333.3333333
77,austria,2019-04-01,2019,2,1071466666.6666666
78,austria,2019-07-01,2019,3,952766666.6666666
79,austria,2019-10-01,2019,4,1520433333.3333333
80,belgium,2000-01-01,2000,1,-375666666.6666667
81,belgium,2000-04-01,2000,2,-456400000.0
82,belgium,2000-07-01,2000,3,-412333333.3333333
83,belgium,2000-10-01,2000,4,-504066666.6666667
84,belgium,2001-01-01,2001,1,-497700000.0
85,belgium,2001-04-01,2001,2,-469300000.0
86,belgium,2001-07-01,2001,3,-249066666.66666666
87,belgium,2001-10-01,2001,4,-97500000.0
88,belgium,2002-01-01,2002,1,582166666.6666666
89,belgium,2002-04-01,2002,2,328266666.6666667
90,belgium,2002-07-01,2002,3,524933333.3333333
91,belgium,2002-10-01,2002,4,389000000.0
92,belgium,2003-01-01,2003,1,84766666.66666667
93,belgium,2003-04-01,2003,2,59333333.333333336
94,belgium,2003-07-01,2003,3,326633333.3333333
95,belgium,2003-10-01,2003,4,159566666.66666666
96,belgium,2004-01-01,2004,1,218166666.66666666
97,belgium,2004-04-01,2004,2,143666666.66666666
98,belgium,2004-07-01,2004,3,-337733333.3333333
99,belgium,2004-10-01,2004,4,-114000000.0
100,belgium,2005-01-01,2005,1,-598633333.3333334
101,belgium,2005-04-01,2005,2,-289100000.0
102,belgium,2005-07-01,2005,3,-307266666.6666667
103,belgium,2005-10-01,2005,4,-8466666.666666666
104,belgium,2006-01-01,2006,1,-258733333.33333334
105,belgium,2006-04-01,2006,2,-486366666.6666667
106,belgium,2006-07-01,2006,3,-348400000.0
107,belgium,2006-10-01,2006,4,-667466666.6666666
108,belgium,2007-01-01,2007,1,-273900000.0
109,belgium,2007-04-01,2007,2,-851866666.6666666
110,belgium,2007-07-01,2007,3,-189533333.33333334
111,belgium,2007-10-01,2007,4,-602400000.0
112,belgium,2008-01-01,2008,1,-560633333.3333334
113,belgium,2008-04-01,2008,2,-725800000.0
114,belgium,2008-07-01,2008,3,-1643166666.6666667
115,belgium,2008-10-01,2008,4,-1364833333.3333333
116,belgium,2009-01-01,2009,1,-1056500000.0
117,belgium,2009-04-01,2009,2,-37033333.333333336
118,belgium,2009-07-01,2009,3,180400000.0
119,belgium,2009-10-01,2009,4,74000000.0
120,belgium,2010-01-01,2010,1,416533333.3333333
121,belgium,2010-04-01,2010,2,31366666.666666668
122,belgium,2010-07-01,2010,3,-141300000.0
123,belgium,2010-10-01,2010,4,-488133333.3333333
124,belgium,2011-01-01,2011,1,-479166666.6666667
125,belgium,2011-04-01,2011,2,-681633333.3333334
126,belgium,2011-07-01,2011,3,-839266666.6666666
127,belgium,2011-10-01,2011,4,-233533333.33333334
128,belgium,2012-01-01,2012,1,166300000.0
129,belgium,2012-04-01,2012,2,331833333.3333333
130,belgium,2012-07-01,2012,3,-116066666.66666667
131,belgium,2012-10-01,2012,4,-18800000.0
132,belgium,2013-01-01,2013,1,-69133333.33333333
133,belgium,2013-04-01,2013,2,64233333.333333336
134,belgium,2013-07-01,2013,3,539000000.0
135,belgium,2013-10-01,2013,4,66033333.333333336
136,belgium,2014-01-01,2014,1,-135900000.0
137,belgium,2014-04-01,2014,2,230600000.0
138,belgium,2014-07-01,2014,3,-448933333.3333333
139,belgium,2014-10-01,2014,4,455866666.6666667
140,belgium,2015-01-01,2015,1,-637200000.0
141,belgium,2015-04-01,2015,2,-287766666.6666667
142,belgium,2015-07-01,2015,3,-728000000.0
143,belgium,2015-10-01,2015,4,-465233333.3333333
144,belgium,2016-01-01,2016,1,-719866666.6666666
145,belgium,2016-04-01,2016,2,-295133333.3333333
146,belgium,2016-07-01,2016,3,-339566666.6666667
147,belgium,2016-10-01,2016,4,87366666.66666667
148,belgium,2017-01-01,2017,1,-603133333.3333334
149,belgium,2017-04-01,2017,2,-401766666.6666667
150,belgium,2017-07-01,2017,3,-479233333.3333333
151,belgium,2017-10-01,2017,4,-179566666.66666666
152,belgium,2018-01-01,2018,1,-664533333.3333334
153,belgium,2018-04-01,2018,2,-625466666.6666666
154,belgium,2018-07-01,2018,3,-1011233333.3333334
155,belgium,2018-10-01,2018,4,-1470033333.3333333
156,belgium,2019-01-01,2019,1,-678266666.6666666
157,belgium,2019-04-01,2019,2,-1257433333.3333333
158,belgium,2019-07-01,2019,3,-220966666.66666666
159,belgium,2019-10-01,2019,4,-749300000.0
160,bulgaria,2000-01-01,2000,1,-145100000.0
161,bulgaria,2000-04-01,2000,2,-89500000.0
162,bulgaria,2000-07-01,2000,3,-119133333.33333333
163,bulgaria,2000-10-01,2000,4,-142766666.66666666
164,bulgaria,2001-01-01,2001,1,-114800000.0
165,bulgaria,2001-04-01,2001,2,-159333333.33333334
166,bulgaria,2001-07-01,2001,3,-159166666.66666666
167,bulgaria,2001-10-01,2001,4,-129500000.0
168,bulgaria,2002-01-01,2002,1,-115433333.33333333
169,bulgaria,2002-04-01,2002,2,-136733333.33333334
170,bulgaria,2002-07-01,2002,3,-102066666.66666667
171,bulgaria,2002-10-01,2002,4,-187833333.33333334
172,bulgaria,2003-01-01,2003,1,-136500000.0
173,bulgaria,2003-04-01,2003,2,-188833333.33333334
174,bulgaria,2003-07-01,2003,3,-172033333.33333334
175,bulgaria,2003-10-01,2003,4,-199000000.0
176,bulgaria,2004-01-01,2004,1,-202333333.33333334
177,bulgaria,2004-04-01,2004,2,-211800000.0
178,bulgaria,2004-07-01,2004,3,-190266666.66666666
179,bulgaria,2004-10-01,2004,4,-235266666.66666666
180,bulgaria,2005-01-01,2005,1,-163366666.66666666
181,bulgaria,2005-04-01,2005,2,-169333333.33333334
182,bulgaria,2005-07-01,2005,3,-189400000.0
183,bulgaria,2005-10-01,2005,4,-162700000.0
184,bulgaria,2006-01-01,2006,1,-180400000.0
185,bulgaria,2006-04-01,2006,2,-142733333.33333334
186,bulgaria,2006-07-01,2006,3,-235666666.66666666
187,bulgaria,2006-10-01,2006,4,-270200000.0
188,bulgaria,2007-01-01,2007,1,-421400000.0
189,bulgaria,2007-04-01,2007,2,-414166666.6666667
190,bulgaria,2007-07-01,2007,3,-517400000.0
191,bulgaria,2007-10-01,2007,4,-470433333.3333333
192,bulgaria,2008-01-01,2008,1,-531966666.6666667
193,bulgaria,2008-04-01,2008,2,-615233333.3333334
194,bulgaria,2008-07-01,2008,3,-560966666.6666666
195,bulgaria,2008-10-01,2008,4,-464866666.6666667
196,bulgaria,2009-01-01,2009,1,-361900000.0
197,bulgaria,2009-04-01,2009,2,-306833333.3333333
198,bulgaria,2009-07-01,2009,3,-316766666.6666667
199,bulgaria,2009-10-01,2009,4,-262566666.66666666
200,bulgaria,2010-01-01,2010,1,-202133333.33333334
201,bulgaria,2010-04-01,2010,2,-280266666.6666667
202,bulgaria,2010-07-01,2010,3,-171900000.0
203,bulgaria,2010-10-01,2010,4,-238500000.0
204,bulgaria,2011-01-01,2011,1,-119766666.66666667
205,bulgaria,2011-04-01,2011,2,-222633333.33333334
206,bulgaria,2011-07-01,2011,3,-210500000.0
207,bulgaria,2011-10-01,2011,4,-214933333.33333334
208,bulgaria,2012-01-01,2012,1,-225100000.0
209,bulgaria,2012-04-01,2012,2,-326533333.3333333
210,bulgaria,2012-07-01,2012,3,-213800000.0
211,bulgaria,2012-10-01,2012,4,-195566666.66666666
212,bulgaria,2013-01-01,2013,1,-222000000.0
213,bulgaria,2013-04-01,2013,2,-212733333.33333334
214,bulgaria,2013-07-01,2013,3,-221400000.0
215,bulgaria,2013-10-01,2013,4,-192733333.33333334
216,bulgaria,2014-01-01,2014,1,-293566666.6666667
217,bulgaria,2014-04-01,2014,2,-219633333.33333334
218,bulgaria,2014-07-01,2014,3,-284800000.0
219,bulgaria,2014-10-01,2014,4,-158466666.66666666
220,bulgaria,2015-01-01,2015,1,-205100000.0
221,bulgaria,2015-04-01,2015,2,-146666666.66666666
222,bulgaria,2015-07-01,2015,3,-201933333.33333334
223,bulgaria,2015-10-01,2015,4,-210166666.66666666
224,bulgaria,2016-01-01,2016,1,-74333333.33333333
225,bulgaria,2016-04-01,2016,2,-152133333.33333334
226,bulgaria,2016-07-01,2016,3,-190866666.66666666
227,bulgaria,2016-10-01,2016,4,-113666666.66666667
228,bulgaria,2017-01-01,2017,1,-156633333.33333334
229,bulgaria,2017-04-01,2017,2,-124033333.33333333
230,bulgaria,2017-07-01,2017,3,-103133333.33333333
231,bulgaria,2017-10-01,2017,4,-188666666.66666666
232,bulgaria,2018-01-01,2018,1,-235366666.66666666
233,bulgaria,2018-04-01,2018,2,-249633333.33333334
234,bulgaria,2018-07-01,2018,3,-302266666.6666667
235,bulgaria,2018-10-01,2018,4,-270700000.0
236,bulgaria,2019-01-01,2019,1,-326333333.3333333
237,bulgaria,2019-04-01,2019,2,-294366666.6666667
238,bulgaria,2019-07-01,2019,3,-259033333.33333334
239,bulgaria,2019-10-01,2019,4,-276566666.6666667
240,croatia,2000-01-01,2000,1,-195700000.0
241,croatia,2000-04-01,2000,2,-195700000.0
242,croatia,2000-07-01,2000,3,-195700000.0
243,croatia,2000-10-01,2000,4,-195700000.0
244,croatia,2001-01-01,2001,1,-195700000.0
245,croatia,2001-04-01,2001,2,-195700000.0
246,croatia,2001-07-01,2001,3,-195700000.0
247,croatia,2001-10-01,2001,4,-195700000.0
248,croatia,2002-01-01,2002,1,-200100000.0
249,croatia,2002-04-01,2002,2,-193533333.33333334
250,croatia,2002-07-01,2002,3,-198600000.0
251,croatia,2002-10-01,2002,4,-232533333.33333334
252,croatia,2003-01-01,2003,1,-207666666.66666666
253,croatia,2003-04-01,2003,2,-238600000.0
254,croatia,2003-07-01,2003,3,-249966666.66666666
255,croatia,2003-10-01,2003,4,-269266666.6666667
256,croatia,2004-01-01,2004,1,-210700000.0
257,croatia,2004-04-01,2004,2,-254300000.0
258,croatia,2004-07-01,2004,3,-240500000.0
259,croatia,2004-10-01,2004,4,-276666666.6666667
260,croatia,2005-01-01,2005,1,-292733333.3333333
261,croatia,2005-04-01,2005,2,-314200000.0
262,croatia,2005-07-01,2005,3,-283400000.0
263,croatia,2005-10-01,2005,4,-336000000.0
264,croatia,2006-01-01,2006,1,-385933333.3333333
265,croatia,2006-04-01,2006,2,-337433333.3333333
266,croatia,2006-07-01,2006,3,-317000000.0
267,croatia,2006-10-01,2006,4,-342566666.6666667
268,croatia,2007-01-01,2007,1,-368400000.0
269,croatia,2007-04-01,2007,2,-356100000.0
270,croatia,2007-07-01,2007,3,-327133333.3333333
271,croatia,2007-10-01,2007,4,-472733333.3333333
272,croatia,2008-01-01,2008,1,-511566666.6666667
273,croatia,2008-04-01,2008,2,-436333333.3333333
274,croatia,2008-07-01,2008,3,-436066666.6666667
275,croatia,2008-10-01,2008,4,-422500000.0
276,croatia,2009-01-01,2009,1,-358933333.3333333
277,croatia,2009-04-01,2009,2,-299033333.3333333
278,croatia,2009-07-01,2009,3,-302533333.3333333
279,croatia,2009-10-01,2009,4,-334500000.0
280,croatia,2010-01-01,2010,1,-302433333.3333333
281,croatia,2010-04-01,2010,2,-288300000.0
282,croatia,2010-07-01,2010,3,-332566666.6666667
283,croatia,2010-10-01,2010,4,-267700000.0
284,croatia,2011-01-01,2011,1,-342200000.0
285,croatia,2011-04-01,2011,2,-267966666.66666666
286,croatia,2011-07-01,2011,3,-268200000.0
287,croatia,2011-10-01,2011,4,-271833333.3333333
288,croatia,2012-01-01,2012,1,-261800000.0
289,croatia,2012-04-01,2012,2,-242766666.66666666
290,croatia,2012-07-01,2012,3,-269266666.6666667
291,croatia,2012-10-01,2012,4,-269233333.3333333
292,croatia,2013-01-01,2013,1,-345800000.0
293,croatia,2013-04-01,2013,2,-408900000.0
294,croatia,2013-07-01,2013,3,-189900000.0
295,croatia,2013-10-01,2013,4,-135266666.66666666
296,croatia,2014-01-01,2014,1,-164766666.66666666
297,croatia,2014-04-01,2014,2,-197400000.0
298,croatia,2014-07-01,2014,3,-148600000.0
299,croatia,2014-10-01,2014,4,-99666666.66666667
300,croatia,2015-01-01,2015,1,-121700000.0
301,croatia,2015-04-01,2015,2,-171566666.66666666
302,croatia,2015-07-01,2015,3,-174300000.0
303,croatia,2015-10-01,2015,4,-165600000.0
304,croatia,2016-01-01,2016,1,-139766666.66666666
305,croatia,2016-04-01,2016,2,-161033333.33333334
306,croatia,2016-07-01,2016,3,-185800000.0
307,croatia,2016-10-01,2016,4,-240833333.33333334
308,croatia,2017-01-01,2017,1,-120866666.66666667
309,croatia,2017-04-01,2017,2,-206500000.0
310,croatia,2017-07-01,2017,3,-208666666.66666666
311,croatia,2017-10-01,2017,4,-174300000.0
312,croatia,2018-01-01,2018,1,-237933333.33333334
313,croatia,2018-04-01,2018,2,-210133333.33333334
314,croatia,2018-07-01,2018,3,-293533333.3333333
315,croatia,2018-10-01,2018,4,-329166666.6666667
316,croatia,2019-01-01,2019,1,-241600000.0
317,croatia,2019-04-01,2019,2,-232733333.33333334
318,croatia,2019-07-01,2019,3,-229366666.66666666
319,croatia,2019-10-01,2019,4,-268566666.6666667
320,czech_republic,2000-01-01,2000,1,-292600000.0
321,czech_republic,2000-04-01,2000,2,-296633333.3333333
322,czech_republic,2000-07-01,2000,3,-337000000.0
323,czech_republic,2000-10-01,2000,4,-349100000.0
324,czech_republic,2001-01-01,2001,1,-371500000.0
325,czech_republic,2001-04-01,2001,2,-332833333.3333333
326,czech_republic,2001-07-01,2001,3,-389633333.3333333
327,czech_republic,2001-10-01,2001,4,-423500000.0
328,czech_republic,2002-01-01,2002,1,-351233333.3333333
329,czech_republic,2002-04-01,2002,2,-391433333.3333333
330,czech_republic,2002-07-01,2002,3,-383333333.3333333
331,czech_republic,2002-10-01,2002,4,-394866666.6666667
332,czech_republic,2003-01-01,2003,1,-503866666.6666667
333,czech_republic,2003-04-01,2003,2,-514800000.0
334,czech_republic,2003-07-01,2003,3,-492033333.3333333
335,czech_republic,2003-10-01,2003,4,-572200000.0
336,czech_republic,2004-01-01,2004,1,-537633333.3333334
337,czech_republic,2004-04-01,2004,2,-261200000.0
338,czech_republic,2004-07-01,2004,3,-27066666.666666668
339,czech_republic,2004-10-01,2004,4,-10066666.666666666
340,czech_republic,2005-01-01,2005,1,5300000.0
341,czech_republic,2005-04-01,2005,2,-36833333.333333336
342,czech_republic,2005-07-01,2005,3,-69133333.33333333
343,czech_republic,2005-10-01,2005,4,-6600000.0
344,czech_republic,2006-01-01,2006,1,-68966666.66666667
345,czech_republic,2006-04-01,2006,2,-120033333.33333333
346,czech_republic,2006-07-01,2006,3,-127733333.33333333
347,czech_republic,2006-10-01,2006,4,3033333.3333333335
348,czech_republic,2007-01-01,2007,1,2066666.6666666667
349,czech_republic,2007-04-01,2007,2,-32666666.666666668
350,czech_republic,2007-07-01,2007,3,-31233333.333333332
351,czech_republic,2007-10-01,2007,4,-11266666.666666666
352,czech_republic,2008-01-01,2008,1,-95000000.0
353,czech_republic,2008-04-01,2008,2,-192900000.0
354,czech_republic,2008-07-01,2008,3,-228700000.0
355,czech_republic,2008-10-01,2008,4,-441966666.6666667
356,czech_republic,2009-01-01,2009,1,-289466666.6666667
357,czech_republic,2009-04-01,2009,2,-20566666.666666668
358,czech_republic,2009-07-01,2009,3,3466666.666666666
359,czech_republic,2009-10-01,2009,4,-135466666.66666666
360,czech_republic,2010-01-01,2010,1,-237566666.66666666
361,czech_republic,2010-04-01,2010,2,-396500000.0
362,czech_republic,2010-07-01,2010,3,-432633333.3333333
363,czech_republic,2010-10-01,2010,4,-390400000.0
364,czech_republic,2011-01-01,2011,1,-348633333.3333333
365,czech_republic,2011-04-01,2011,2,-493800000.0
366,czech_republic,2011-07-01,2011,3,-432933333.3333333
367,czech_republic,2011-10-01,2011,4,-110600000.0
368,czech_republic,2012-01-01,2012,1,-19700000.0
369,czech_republic,2012-04-01,2012,2,-160233333.33333334
370,czech_republic,2012-07-01,2012,3,95033333.33333333
371,czech_republic,2012-10-01,2012,4,55533333.333333336
372,czech_republic,2013-01-01,2013,1,163333333.33333334
373,czech_republic,2013-04-01,2013,2,210200000.0
374,czech_republic,2013-07-01,2013,3,184966666.66666666
375,czech_republic,2013-10-01,2013,4,83733333.33333333
376,czech_republic,2014-01-01,2014,1,236566666.66666666
377,czech_republic,2014-04-01,2014,2,144166666.66666666
378,czech_republic,2014-07-01,2014,3,136500000.0
379,czech_republic,2014-10-01,2014,4,178833333.33333334
380,czech_republic,2015-01-01,2015,1,-7366666.666666669
381,czech_republic,2015-04-01,2015,2,52599999.99999999
382,czech_republic,2015-07-01,2015,3,-115900000.0
383,czech_republic,2015-10-01,2015,4,-160133333.33333334
384,czech_republic,2016-01-01,2016,1,-132366666.66666667
385,czech_republic,2016-04-01,2016,2,11533333.333333334
386,czech_republic,2016-07-01,2016,3,53133333.333333336
387,czech_republic,2016-10-01,2016,4,1233333.3333333333
388,czech_republic,2017-01-01,2017,1,-70200000.0
389,czech_republic,2017-04-01,2017,2,-164733333.33333334
390,czech_republic,2017-07-01,2017,3,-210466666.66666666
391,czech_republic,2017-10-01,2017,4,-122900000.0
392,czech_republic,2018-01-01,2018,1,-175900000.0
393,czech_republic,2018-04-01,2018,2,-474000000.0
394,czech_republic,2018-07-01,2018,3,-661433333.3333334
395,czech_republic,2018-10-01,2018,4,-490100000.0
396,czech_republic,2019-01-01,2019,1,-405900000.0
397,czech_republic,2019-04-01,2019,2,-357233333.3333333
398,czech_republic,2019-07-01,2019,3,-330033333.3333333
399,czech_republic,2019-10-01,2019,4,-194266666.66666666
400,france,2000-01-01,2000,1,1071933333.3333334
401,france,2000-04-01,2000,2,1124033333.3333333
402,france,2000-07-01,2000,3,930133333.3333334
403,france,2000-10-01,2000,4,587900000.0
404,france,2001-01-01,2001,1,1152966666.6666667
405,france,2001-04-01,2001,2,1327400000.0
406,france,2001-07-01,2001,3,2073500000.0
407,france,2001-10-01,2001,4,2121200000.0
408,france,2002-01-01,2002,1,1624766666.6666667
409,france,2002-04-01,2002,2,2151833333.3333335
410,france,2002-07-01,2002,3,2582866666.6666665
411,france,2002-10-01,2002,4,1745300000.0
412,france,2003-01-01,2003,1,1328233333.3333333
413,france,2003-04-01,2003,2,1448400000.0
414,france,2003-07-01,2003,3,1923466666.6666667
415,france,2003-10-01,2003,4,2335233333.3333335
416,france,2004-01-01,2004,1,1819000000.0
417,france,2004-04-01,2004,2,1730266666.6666667
418,france,2004-07-01,2004,3,1498533333.3333333
419,france,2004-10-01,2004,4,903866666.6666666
420,france,2005-01-01,2005,1,1101600000.0
421,france,2005-04-01,2005,2,1506066666.6666667
422,france,2005-07-01,2005,3,577033333.3333334
423,france,2005-10-01,2005,4,484633333.3333333
424,france,2006-01-01,2006,1,708500000.0
425,france,2006-04-01,2006,2,459433333.3333333
426,france,2006-07-01,2006,3,527600000.0
427,france,2006-10-01,2006,4,953700000.0
428,france,2007-01-01,2007,1,1092233333.3333333
429,france,2007-04-01,2007,2,669166666.6666666
430,france,2007-07-01,2007,3,456000000.0
431,france,2007-10-01,2007,4,119533333.33333333
432,france,2008-01-01,2008,1,692133333.3333334
433,france,2008-04-01,2008,2,-292466666.6666667
434,france,2008-07-01,2008,3,-813633333.3333334
435,france,2008-10-01,2008,4,839266666.6666666
436,france,2009-01-01,2009,1,555100000.0
437,france,2009-04-01,2009,2,595666666.6666666
438,france,2009-07-01,2009,3,971033333.3333334
439,france,2009-10-01,2009,4,116066666.66666667
440,france,2010-01-01,2010,1,904166666.6666666
441,france,2010-04-01,2010,2,541033333.3333334
442,france,2010-07-01,2010,3,-242200000.0
443,france,2010-10-01,2010,4,532333333.3333333
444,france,2011-01-01,2011,1,-628600000.0
445,france,2011-04-01,2011,2,-950166666.6666666
446,france,2011-07-01,2011,3,-690566666.6666666
447,france,2011-10-01,2011,4,324733333.3333333
448,france,2012-01-01,2012,1,635900000.0
449,france,2012-04-01,2012,2,105399999.99999996
450,france,2012-07-01,2012,3,881733333.3333334
451,france,2012-10-01,2012,4,1160333333.3333333
452,france,2013-01-01,2013,1,1167366666.6666667
453,france,2013-04-01,2013,2,788500000.0
454,france,2013-07-01,2013,3,626666666.6666666
455,france,2013-10-01,2013,4,1076233333.3333333
456,france,2014-01-01,2014,1,1121866666.6666667
457,france,2014-04-01,2014,2,1097666666.6666667
458,france,2014-07-01,2014,3,734533333.3333334
459,france,2014-10-01,2014,4,2371400000.0
460,france,2015-01-01,2015,1,2413000000.0
461,france,2015-04-01,2015,2,2989600000.0
462,france,2015-07-01,2015,3,2815100000.0
463,france,2015-10-01,2015,4,2483000000.0
464,france,2016-01-01,2016,1,2571266666.6666665
465,france,2016-04-01,2016,2,3049200000.0
466,france,2016-07-01,2016,3,1901400000.0
467,france,2016-10-01,2016,4,2358066666.6666665
468,france,2017-01-01,2017,1,1590066666.6666667
469,france,2017-04-01,2017,2,2638900000.0
470,france,2017-07-01,2017,3,2690766666.6666665
471,france,2017-10-01,2017,4,2396466666.6666665
472,france,2018-01-01,2018,1,1975633333.3333333
473,france,2018-04-01,2018,2,1612266666.6666667
474,france,2018-07-01,2018,3,2013700000.0
475,france,2018-10-01,2018,4,2482933333.3333335
476,france,2019-01-01,2019,1,2052500000.0
477,france,2019-04-01,2019,2,2534733333.3333335
478,france,2019-07-01,2019,3,2134166666.6666667
479,france,2019-10-01,2019,4,2418966666.6666665
480,germany,2000-01-01,2000,1,2262100000.0
481,germany,2000-04-01,2000,2,2705600000.0
482,germany,2000-07-01,2000,3,2144566666.6666667
483,germany,2000-10-01,2000,4,2866233333.3333335
484,germany,2001-01-01,2001,1,3815233333.3333335
485,germany,2001-04-01,2001,2,4864966666.666667
486,germany,2001-07-01,2001,3,5576133333.333333
487,germany,2001-10-01,2001,4,6101166666.666667
488,germany,2002-01-01,2002,1,7306933333.333333
489,germany,2002-04-01,2002,2,6656500000.0
490,germany,2002-07-01,2002,3,7816066666.666667
491,germany,2002-10-01,2002,4,7452366666.666667
492,germany,2003-01-01,2003,1,6028633333.333333
493,germany,2003-04-01,2003,2,6445866666.666667
494,germany,2003-07-01,2003,3,8061633333.333333
495,germany,2003-10-01,2003,4,6500666666.666667
496,germany,2004-01-01,2004,1,8656400000.0
497,germany,2004-04-01,2004,2,8855000000.0
498,germany,2004-07-01,2004,3,7169233333.333333
499,germany,2004-10-01,2004,4,6758200000.0
500,germany,2005-01-01,2005,1,8670933333.333334
501,germany,2005-04-01,2005,2,7189833333.333333
502,germany,2005-07-01,2005,3,7706800000.0
503,germany,2005-10-01,2005,4,6156233333.333333
504,germany,2006-01-01,2006,1,6945866666.666667
505,germany,2006-04-01,2006,2,6339033333.333333
506,germany,2006-07-01,2006,3,8162266666.666667
507,germany,2006-10-01,2006,4,11069833333.333334
508,germany,2007-01-01,2007,1,8742233333.333334
509,germany,2007-04-01,2007,2,9393900000.0
510,germany,2007-07-01,2007,3,10755766666.666666
511,germany,2007-10-01,2007,4,10422633333.333334
512,germany,2008-01-01,2008,1,10870133333.333334
513,germany,2008-04-01,2008,2,10301500000.0
514,germany,2008-07-01,2008,3,8814266666.666666
515,germany,2008-10-01,2008,4,7818366666.666667
516,germany,2009-01-01,2009,1,6322133333.333333
517,germany,2009-04-01,2009,2,7382833333.333333
518,germany,2009-07-01,2009,3,8212433333.333333
519,germany,2009-10-01,2009,4,9816566666.666666
520,germany,2010-01-01,2010,1,8858733333.333334
521,germany,2010-04-01,2010,2,8662266666.666666
522,germany,2010-07-01,2010,3,9917066666.666666
523,germany,2010-10-01,2010,4,10240400000.0
524,germany,2011-01-01,2011,1,10460033333.333334
525,germany,2011-04-01,2011,2,10354200000.0
526,germany,2011-07-01,2011,3,10543600000.0
527,germany,2011-10-01,2011,4,11613133333.333334
528,germany,2012-01-01,2012,1,13890033333.333334
529,germany,2012-04-01,2012,2,14940833333.333334
530,germany,2012-07-01,2012,3,16191566666.666666
531,germany,2012-10-01,2012,4,15029233333.333334
532,germany,2013-01-01,2013,1,15577166666.666666
533,germany,2013-04-01,2013,2,16055266666.666666
534,germany,2013-07-01,2013,3,15539633333.333334
535,germany,2013-10-01,2013,4,17010466666.666666
536,germany,2014-01-01,2014,1,16075533333.333334
537,germany,2014-04-01,2014,2,16631733333.333334
538,germany,2014-07-01,2014,3,18128800000.0
539,germany,2014-10-01,2014,4,19247566666.666668
540,germany,2015-01-01,2015,1,18829433333.333332
541,germany,2015-04-01,2015,2,20094133333.333332
542,germany,2015-07-01,2015,3,19495433333.333332
543,germany,2015-10-01,2015,4,19442066666.666668
544,germany,2016-01-01,2016,1,18860966666.666668
545,germany,2016-04-01,2016,2,20431433333.333332
546,germany,2016-07-01,2016,3,18898566666.666668
547,germany,2016-10-01,2016,4,18664866666.666668
548,germany,2017-01-01,2017,1,19273933333.333332
549,germany,2017-04-01,2017,2,18865400000.0
550,germany,2017-07-01,2017,3,19839533333.333332
551,germany,2017-10-01,2017,4,19811333333.333332
552,germany,2018-01-01,2018,1,19531533333.333332
553,germany,2018-04-01,2018,2,19312733333.333332
554,germany,2018-07-01,2018,3,17986233333.333332
555,germany,2018-10-01,2018,4,18454933333.333332
556,germany,2019-01-01,2019,1,19022500000.0
557,germany,2019-04-01,2019,2,18790433333.333332
558,germany,2019-07-01,2019,3,19251966666.666668
559,germany,2019-10-01,2019,4,19579866666.666668
560,greece,2000-01-01,2000,1,-653433333.3333334
561,greece,2000-04-01,2000,2,-944966666.6666666
562,greece,2000-07-01,2000,3,-961266666.6666666
563,greece,2000-10-01,2000,4,-793500000.0
564,greece,2001-01-01,2001,1,-798000000.0
565,greece,2001-04-01,2001,2,-963366666.6666666
566,greece,2001-07-01,2001,3,-792000000.0
567,greece,2001-10-01,2001,4,-888200000.0
568,greece,2002-01-01,2002,1,-835466666.6666666
569,greece,2002-04-01,2002,2,-925033333.3333334
570,greece,2002-07-01,2002,3,-1041900000.0
571,greece,2002-10-01,2002,4,-1202866666.6666667
572,greece,2003-01-01,2003,1,-1233733333.3333333
573,greece,2003-04-01,2003,2,-1160033333.3333333
574,greece,2003-07-01,2003,3,-1126033333.3333333
575,greece,2003-10-01,2003,4,-1237566666.6666667
576,greece,2004-01-01,2004,1,-1158166666.6666667
577,greece,2004-04-01,2004,2,-1149433333.3333333
578,greece,2004-07-01,2004,3,-1239766666.6666667
579,greece,2004-10-01,2004,4,-987000000.0
580,greece,2005-01-01,2005,1,-1161566666.6666667
581,greece,2005-04-01,2005,2,-1008966666.6666666
582,greece,2005-07-01,2005,3,-1303766666.6666667
583,greece,2005-10-01,2005,4,-1270866666.6666667
584,greece,2006-01-01,2006,1,-1396500000.0
585,greece,2006-04-01,2006,2,-1537066666.6666667
586,greece,2006-07-01,2006,3,-1585133333.3333333
587,greece,2006-10-01,2006,4,-1486500000.0
588,greece,2007-01-01,2007,1,-1800566666.6666667
589,greece,2007-04-01,2007,2,-1701033333.3333333
590,greece,2007-07-01,2007,3,-1674100000.0
591,greece,2007-10-01,2007,4,-1771400000.0
592,greece,2008-01-01,2008,1,-1978733333.3333333
593,greece,2008-04-01,2008,2,-1972266666.6666667
594,greece,2008-07-01,2008,3,-1969333333.3333333
595,greece,2008-10-01,2008,4,-1767600000.0
596,greece,2009-01-01,2009,1,-1452400000.0
597,greece,2009-04-01,2009,2,-1467033333.3333333
598,greece,2009-07-01,2009,3,-1433533333.3333333
599,greece,2009-10-01,2009,4,-1407600000.0
600,greece,2010-01-01,2010,1,-1336866666.6666667
601,greece,2010-04-01,2010,2,-1127500000.0
602,greece,2010-07-01,2010,3,-1137466666.6666667
603,greece,2010-10-01,2010,4,-997000000.0
604,greece,2011-01-01,2011,1,-1132700000.0
605,greece,2011-04-01,2011,2,-1000966666.6666666
606,greece,2011-07-01,2011,3,-1019866666.6666666
607,greece,2011-10-01,2011,4,-982866666.6666666
608,greece,2012-01-01,2012,1,-1062900000.0
609,greece,2012-04-01,2012,2,-972700000.0
610,greece,2012-07-01,2012,3,-737966666.6666666
611,greece,2012-10-01,2012,4,-848233333.3333334
612,greece,2013-01-01,2013,1,-984100000.0
613,greece,2013-04-01,2013,2,-774966666.6666666
614,greece,2013-07-01,2013,3,-840466666.6666666
615,greece,2013-10-01,2013,4,-791933333.3333334
616,greece,2014-01-01,2014,1,-777200000.0
617,greece,2014-04-01,2014,2,-889833333.3333334
618,greece,2014-07-01,2014,3,-976600000.0
619,greece,2014-10-01,2014,4,-894266666.6666666
620,greece,2015-01-01,2015,1,-768800000.0
621,greece,2015-04-01,2015,2,-767066666.6666666
622,greece,2015-07-01,2015,3,-612433333.3333334
623,greece,2015-10-01,2015,4,-732133333.3333334
624,greece,2016-01-01,2016,1,-696433333.3333334
625,greece,2016-04-01,2016,2,-717466666.6666666
626,greece,2016-07-01,2016,3,-678833333.3333334
627,greece,2016-10-01,2016,4,-846633333.3333334
628,greece,2017-01-01,2017,1,-849033333.3333334
629,greece,2017-04-01,2017,2,-727300000.0
630,greece,2017-07-01,2017,3,-806566666.6666666
631,greece,2017-10-01,2017,4,-768566666.6666666
632,greece,2018-01-01,2018,1,-814200000.0
633,greece,2018-04-01,2018,2,-1048666666.6666666
634,greece,2018-07-01,2018,3,-1025266666.6666666
635,greece,2018-10-01,2018,4,-1042866666.6666666
636,greece,2019-01-01,2019,1,-1017700000.0
637,greece,2019-04-01,2019,2,-1125266666.6666667
638,greece,2019-07-01,2019,3,-1117466666.6666667
639,greece,2019-10-01,2019,4,-948433333.3333334
640,hungary,2000-01-01,2000,1,-440866666.6666667
641,hungary,2000-04-01,2000,2,-521666666.6666667
642,hungary,2000-07-01,2000,3,-629166666.6666666
643,hungary,2000-10-01,2000,4,-706866666.6666666
644,hungary,2001-01-01,2001,1,-624966666.6666666
645,hungary,2001-04-01,2001,2,-668700000.0
646,hungary,2001-07-01,2001,3,-576633333.3333334
647,hungary,2001-10-01,2001,4,-510633333.3333333
648,hungary,2002-01-01,2002,1,-633766666.6666666
649,hungary,2002-04-01,2002,2,-533700000.0
650,hungary,2002-07-01,2002,3,-526566666.6666667
651,hungary,2002-10-01,2002,4,-637966666.6666666
652,hungary,2003-01-01,2003,1,-653466666.6666666
653,hungary,2003-04-01,2003,2,-615233333.3333334
654,hungary,2003-07-01,2003,3,-672333333.3333334
655,hungary,2003-10-01,2003,4,-696433333.3333334
656,hungary,2004-01-01,2004,1,-760866666.6666666
657,hungary,2004-04-01,2004,2,-616900000.0
658,hungary,2004-07-01,2004,3,-379766666.6666667
659,hungary,2004-10-01,2004,4,-340166666.6666667
660,hungary,2005-01-01,2005,1,-337033333.3333333
661,hungary,2005-04-01,2005,2,-399733333.3333333
662,hungary,2005-07-01,2005,3,-458633333.3333333
663,hungary,2005-10-01,2005,4,-455466666.6666667
664,hungary,2006-01-01,2006,1,-485100000.0
665,hungary,2006-04-01,2006,2,-418033333.3333333
666,hungary,2006-07-01,2006,3,-437766666.6666667
667,hungary,2006-10-01,2006,4,-328466666.6666667
668,hungary,2007-01-01,2007,1,-343233333.3333333
669,hungary,2007-04-01,2007,2,-274866666.6666667
670,hungary,2007-07-01,2007,3,-353233333.3333333
671,hungary,2007-10-01,2007,4,-293266666.6666667
672,hungary,2008-01-01,2008,1,-176066666.66666666
673,hungary,2008-04-01,2008,2,-299800000.0
674,hungary,2008-07-01,2008,3,-282633333.3333333
675,hungary,2008-10-01,2008,4,-259200000.0
676,hungary,2009-01-01,2009,1,-232766666.66666666
677,hungary,2009-04-01,2009,2,-48000000.0
678,hungary,2009-07-01,2009,3,-22233333.333333332
679,hungary,2009-10-01,2009,4,-37133333.333333336
680,hungary,2010-01-01,2010,1,-115133333.33333333
681,hungary,2010-04-01,2010,2,-73900000.0
682,hungary,2010-07-01,2010,3,-84533333.33333333
683,hungary,2010-10-01,2010,4,-27233333.333333332
684,hungary,2011-01-01,2011,1,126466666.66666667
685,hungary,2011-04-01,2011,2,76733333.33333333
686,hungary,2011-07-01,2011,3,162233333.33333334
687,hungary,2011-10-01,2011,4,115133333.33333333
688,hungary,2012-01-01,2012,1,116333333.33333333
689,hungary,2012-04-01,2012,2,240866666.66666666
690,hungary,2012-07-01,2012,3,159000000.0
691,hungary,2012-10-01,2012,4,149466666.66666666
692,hungary,2013-01-01,2013,1,21266666.666666668
693,hungary,2013-04-01,2013,2,79766666.66666667
694,hungary,2013-07-01,2013,3,135633333.33333334
695,hungary,2013-10-01,2013,4,148033333.33333334
696,hungary,2014-01-01,2014,1,83100000.0
697,hungary,2014-04-01,2014,2,-66900000.0
698,hungary,2014-07-01,2014,3,108400000.0
699,hungary,2014-10-01,2014,4,58600000.0
700,hungary,2015-01-01,2015,1,123766666.66666667
701,hungary,2015-04-01,2015,2,69600000.0
702,hungary,2015-07-01,2015,3,51900000.0
703,hungary,2015-10-01,2015,4,105200000.0
704,hungary,2016-01-01,2016,1,171066666.66666666
705,hungary,2016-04-01,2016,2,197300000.0
706,hungary,2016-07-01,2016,3,238966666.66666666
707,hungary,2016-10-01,2016,4,201800000.0
708,hungary,2017-01-01,2017,1,31433333.333333332
709,hungary,2017-04-01,2017,2,144733333.33333334
710,hungary,2017-07-01,2017,3,62666666.666666664
711,hungary,2017-10-01,2017,4,71900000.0
712,hungary,2018-01-01,2018,1,-47766666.666666664
713,hungary,2018-04-01,2018,2,-112200000.0
714,hungary,2018-07-01,2018,3,-330233333.3333333
715,hungary,2018-10-01,2018,4,-200666666.66666666
716,hungary,2019-01-01,2019,1,-305633333.3333333
717,hungary,2019-04-01,2019,2,-374866666.6666667
718,hungary,2019-07-01,2019,3,-290866666.6666667
719,hungary,2019-10-01,2019,4,-255933333.33333334
720,ireland,2000-01-01,2000,1,375100000.0
721,ireland,2000-04-01,2000,2,738500000.0
722,ireland,2000-07-01,2000,3,675633333.3333334
723,ireland,2000-10-01,2000,4,1089000000.0
724,ireland,2001-01-01,2001,1,1017233333.3333334
725,ireland,2001-04-01,2001,2,1266433333.3333333
726,ireland,2001-07-01,2001,3,1401966666.6666667
727,ireland,2001-10-01,2001,4,1278333333.3333333
728,ireland,2002-01-01,2002,1,1310300000.0
729,ireland,2002-04-01,2002,2,1252133333.3333333
730,ireland,2002-07-01,2002,3,937200000.0
731,ireland,2002-10-01,2002,4,1062733333.3333334
732,ireland,2003-01-01,2003,1,1146733333.3333333
733,ireland,2003-04-01,2003,2,964566666.6666666
734,ireland,2003-07-01,2003,3,867066666.6666666
735,ireland,2003-10-01,2003,4,1055900000.0
736,ireland,2004-01-01,2004,1,1227466666.6666667
737,ireland,2004-04-01,2004,2,867000000.0
738,ireland,2004-07-01,2004,3,1012366666.6666666
739,ireland,2004-10-01,2004,4,876333333.3333334
740,ireland,2005-01-01,2005,1,920700000.0
741,ireland,2005-04-01,2005,2,691333333.3333334
742,ireland,2005-07-01,2005,3,826400000.0
743,ireland,2005-10-01,2005,4,618233333.3333334
744,ireland,2006-01-01,2006,1,529466666.6666667
745,ireland,2006-04-01,2006,2,705400000.0
746,ireland,2006-07-01,2006,3,748700000.0
747,ireland,2006-10-01,2006,4,670733333.3333334
748,ireland,2007-01-01,2007,1,539100000.0
749,ireland,2007-04-01,2007,2,1171300000.0
750,ireland,2007-07-01,2007,3,631800000.0
751,ireland,2007-10-01,2007,4,334566666.6666667
752,ireland,2008-01-01,2008,1,542566666.6666666
753,ireland,2008-04-01,2008,2,830133333.3333334
754,ireland,2008-07-01,2008,3,681533333.3333334
755,ireland,2008-10-01,2008,4,1038900000.0
756,ireland,2009-01-01,2009,1,1176166666.6666667
757,ireland,2009-04-01,2009,2,1293133333.3333333
758,ireland,2009-07-01,2009,3,1289866666.6666667
759,ireland,2009-10-01,2009,4,1169633333.3333333
760,ireland,2010-01-01,2010,1,1259066666.6666667
761,ireland,2010-04-01,2010,2,1469500000.0
762,ireland,2010-07-01,2010,3,1803300000.0
763,ireland,2010-10-01,2010,4,1684833333.3333333
764,ireland,2011-01-01,2011,1,1298200000.0
765,ireland,2011-04-01,2011,2,1329866666.6666667
766,ireland,2011-07-01,2011,3,1420666666.6666667
767,ireland,2011-10-01,2011,4,1694800000.0
768,ireland,2012-01-01,2012,1,1143166666.6666667
769,ireland,2012-04-01,2012,2,1258900000.0
770,ireland,2012-07-01,2012,3,1558033333.3333333
771,ireland,2012-10-01,2012,4,1327700000.0
772,ireland,2013-01-01,2013,1,1202766666.6666667
773,ireland,2013-04-01,2013,2,1197233333.3333333
774,ireland,2013-07-01,2013,3,1437566666.6666667
775,ireland,2013-10-01,2013,4,1367200000.0
776,ireland,2014-01-01,2014,1,1094166666.6666667
777,ireland,2014-04-01,2014,2,1623200000.0
778,ireland,2014-07-01,2014,3,1238900000.0
779,ireland,2014-10-01,2014,4,1258300000.0
780,ireland,2015-01-01,2015,1,1660766666.6666667
781,ireland,2015-04-01,2015,2,1927100000.0
782,ireland,2015-07-01,2015,3,1884666666.6666667
783,ireland,2015-10-01,2015,4,2626166666.6666665
784,ireland,2016-01-01,2016,1,1953833333.3333333
785,ireland,2016-04-01,2016,2,2317866666.6666665
786,ireland,2016-07-01,2016,3,2556133333.3333335
787,ireland,2016-10-01,2016,4,2984866666.6666665
788,ireland,2017-01-01,2017,1,2810733333.3333335
789,ireland,2017-04-01,2017,2,1940566666.6666667
790,ireland,2017-07-01,2017,3,2061933333.3333333
791,ireland,2017-10-01,2017,4,2020966666.6666667
792,ireland,2018-01-01,2018,1,2652466666.6666665
793,ireland,2018-04-01,2018,2,3037866666.6666665
794,ireland,2018-07-01,2018,3,2118966666.6666667
795,ireland,2018-10-01,2018,4,2282800000.0
796,ireland,2019-01-01,2019,1,3005500000.0
797,ireland,2019-04-01,2019,2,3514200000.0
798,ireland,2019-07-01,2019,3,3421333333.3333335
799,ireland,2019-10-01,2019,4,3722433333.3333335
800,italy,2000-01-01,2000,1,789033333.3333334
801,italy,2000-04-01,2000,2,294466666.6666667
802,italy,2000-07-01,2000,3,460566666.6666667
803,italy,2000-10-01,2000,4,-109200000.0
804,italy,2001-01-01,2001,1,792533333.3333334
805,italy,2001-04-01,2001,2,757766666.6666666
806,italy,2001-07-01,2001,3,1035433333.3333334
807,italy,2001-10-01,2001,4,1797866666.6666667
808,italy,2002-01-01,2002,1,1200266666.6666667
809,italy,2002-04-01,2002,2,1252633333.3333333
810,italy,2002-07-01,2002,3,1363666666.6666667
811,italy,2002-10-01,2002,4,1130000000.0
812,italy,2003-01-01,2003,1,657200000.0
813,italy,2003-04-01,2003,2,646666666.6666666
814,italy,2003-07-01,2003,3,1299533333.3333333
815,italy,2003-10-01,2003,4,1338666666.6666667
816,italy,2004-01-01,2004,1,775966666.6666666
817,italy,2004-04-01,2004,2,794900000.0
818,italy,2004-07-01,2004,3,831566666.6666666
819,italy,2004-10-01,2004,4,431333333.3333333
820,italy,2005-01-01,2005,1,366100000.0
821,italy,2005-04-01,2005,2,78600000.0
822,italy,2005-07-01,2005,3,-145100000.0
823,italy,2005-10-01,2005,4,-555933333.3333334
824,italy,2006-01-01,2006,1,-1089633333.3333333
825,italy,2006-04-01,2006,2,-980166666.6666666
826,italy,2006-07-01,2006,3,-1274933333.3333333
827,italy,2006-10-01,2006,4,-444366666.6666667
828,italy,2007-01-01,2007,1,-435533333.3333333
829,italy,2007-04-01,2007,2,36033333.333333336
830,italy,2007-07-01,2007,3,-184033333.33333334
831,italy,2007-10-01,2007,4,-473666666.6666667
832,italy,2008-01-01,2008,1,-649066666.6666666
833,italy,2008-04-01,2008,2,-1067100000.0
834,italy,2008-07-01,2008,3,-1345033333.3333333
835,italy,2008-10-01,2008,4,-374433333.3333333
836,italy,2009-01-01,2009,1,-510366666.6666667
837,italy,2009-04-01,2009,2,415666666.6666667
838,italy,2009-07-01,2009,3,399866666.6666667
839,italy,2009-10-01,2009,4,116300000.0
840,italy,2010-01-01,2010,1,-803933333.3333334
841,italy,2010-04-01,2010,2,-1185666666.6666667
842,italy,2010-07-01,2010,3,-1348033333.3333333
843,italy,2010-10-01,2010,4,-2069100000.0
844,italy,2011-01-01,2011,1,-1908166666.6666667
845,italy,2011-04-01,2011,2,-1531533333.3333333
846,italy,2011-07-01,2011,3,-853900000.0
847,italy,2011-10-01,2011,4,-209066666.66666666
848,italy,2012-01-01,2012,1,-78466666.66666667
849,italy,2012-04-01,2012,2,1011333333.3333334
850,italy,2012-07-01,2012,3,1247333333.3333333
851,italy,2012-10-01,2012,4,1935000000.0
852,italy,2013-01-01,2013,1,2371733333.3333335
853,italy,2013-04-01,2013,2,3200700000.0
854,italy,2013-07-01,2013,3,2602200000.0
855,italy,2013-10-01,2013,4,2954833333.3333335
856,italy,2014-01-01,2014,1,3203100000.0
857,italy,2014-04-01,2014,2,3145766666.6666665
858,italy,2014-07-01,2014,3,3635733333.3333335
859,italy,2014-10-01,2014,4,4064100000.0
860,italy,2015-01-01,2015,1,4097733333.3333335
861,italy,2015-04-01,2015,2,3488600000.0
862,italy,2015-07-01,2015,3,3833000000.0
863,italy,2015-10-01,2015,4,4135633333.3333335
864,italy,2016-01-01,2016,1,4067633333.3333335
865,italy,2016-04-01,2016,2,4478500000.0
866,italy,2016-07-01,2016,3,4604066666.666667
867,italy,2016-10-01,2016,4,4248100000.0
868,italy,2017-01-01,2017,1,3942033333.3333335
869,italy,2017-04-01,2017,2,4135100000.0
870,italy,2017-07-01,2017,3,5112966666.666667
871,italy,2017-10-01,2017,4,4855800000.0
872,italy,2018-01-01,2018,1,4250466666.6666665
873,italy,2018-04-01,2018,2,3916966666.6666665
874,italy,2018-07-01,2018,3,3425300000.0
875,italy,2018-10-01,2018,4,3416133333.3333335
876,italy,2019-01-01,2019,1,4279900000.0
877,italy,2019-04-01,2019,2,4364766666.666667
878,italy,2019-07-01,2019,3,4752633333.333333
879,italy,2019-10-01,2019,4,5526433333.333333
880,lithuania,2000-01-01,2000,1,-123000000.0
881,lithuania,2000-04-01,2000,2,-145700000.0
882,lithuania,2000-07-01,2000,3,-131366666.66666667
883,lithuania,2000-10-01,2000,4,-153066666.66666666
884,lithuania,2001-01-01,2001,1,-133433333.33333333
885,lithuania,2001-04-01,2001,2,-116566666.66666667
886,lithuania,2001-07-01,2001,3,-113600000.0
887,lithuania,2001-10-01,2001,4,-125366666.66666667
888,lithuania,2002-01-01,2002,1,-113366666.66666667
889,lithuania,2002-04-01,2002,2,-111966666.66666667
890,lithuania,2002-07-01,2002,3,-106733333.33333333
891,lithuania,2002-10-01,2002,4,-160700000.0
892,lithuania,2003-01-01,2003,1,-106900000.0
893,lithuania,2003-04-01,2003,2,-142266666.66666666
894,lithuania,2003-07-01,2003,3,-141466666.66666666
895,lithuania,2003-10-01,2003,4,-139400000.0
896,lithuania,2004-01-01,2004,1,-86500000.0
897,lithuania,2004-04-01,2004,2,-126033333.33333333
898,lithuania,2004-07-01,2004,3,-146000000.0
899,lithuania,2004-10-01,2004,4,-149800000.0
900,lithuania,2005-01-01,2005,1,-172466666.66666666
901,lithuania,2005-04-01,2005,2,-232700000.0
902,lithuania,2005-07-01,2005,3,-180733333.33333334
903,lithuania,2005-10-01,2005,4,-178600000.0
904,lithuania,2006-01-01,2006,1,-217366666.66666666
905,lithuania,2006-04-01,2006,2,-177666666.66666666
906,lithuania,2006-07-01,2006,3,-219100000.0
907,lithuania,2006-10-01,2006,4,-232800000.0
908,lithuania,2007-01-01,2007,1,-218500000.0
909,lithuania,2007-04-01,2007,2,-229100000.0
910,lithuania,2007-07-01,2007,3,-237300000.0
911,lithuania,2007-10-01,2007,4,-261300000.0
912,lithuania,2008-01-01,2008,1,-313233333.3333333
913,lithuania,2008-04-01,2008,2,-251833333.33333334
914,lithuania,2008-07-01,2008,3,-227966666.66666666
915,lithuania,2008-10-01,2008,4,-240733333.33333334
916,lithuania,2009-01-01,2009,1,-148333333.33333334
917,lithuania,2009-04-01,2009,2,-123866666.66666667
918,lithuania,2009-07-01,2009,3,-125633333.33333333
919,lithuania,2009-10-01,2009,4,-102533333.33333333
920,lithuania,2010-01-01,2010,1,-153966666.66666666
921,lithuania,2010-04-01,2010,2,-93466666.66666667
922,lithuania,2010-07-01,2010,3,-131066666.66666667
923,lithuania,2010-10-01,2010,4,-141633333.33333334
924,lithuania,2011-01-01,2011,1,-152866666.66666666
925,lithuania,2011-04-01,2011,2,-157766666.66666666
926,lithuania,2011-07-01,2011,3,-260166666.66666666
927,lithuania,2011-10-01,2011,4,-275366666.6666667
928,lithuania,2012-01-01,2012,1,-249300000.0
929,lithuania,2012-04-01,2012,2,-61600000.0
930,lithuania,2012-07-01,2012,3,-219600000.0
931,lithuania,2012-10-01,2012,4,-65100000.0
932,lithuania,2013-01-01,2013,1,71433333.33333333
933,lithuania,2013-04-01,2013,2,-766666.6666666666
934,lithuania,2013-07-01,2013,3,-20766666.666666668
935,lithuania,2013-10-01,2013,4,31633333.333333332
936,lithuania,2014-01-01,2014,1,63100000.0
937,lithuania,2014-04-01,2014,2,105800000.0
938,lithuania,2014-07-01,2014,3,165300000.0
939,lithuania,2014-10-01,2014,4,107700000.0
940,lithuania,2015-01-01,2015,1,-60166666.666666664
941,lithuania,2015-04-01,2015,2,42600000.0
942,lithuania,2015-07-01,2015,3,31966666.666666668
943,lithuania,2015-10-01,2015,4,92333333.33333333
944,lithuania,2016-01-01,2016,1,105800000.0
945,lithuania,2016-04-01,2016,2,104166666.66666667
946,lithuania,2016-07-01,2016,3,83466666.66666667
947,lithuania,2016-10-01,2016,4,87033333.33333333
948,lithuania,2017-01-01,2017,1,173533333.33333334
949,lithuania,2017-04-01,2017,2,182466666.66666666
950,lithuania,2017-07-01,2017,3,91733333.33333333
951,lithuania,2017-10-01,2017,4,143600000.0
952,lithuania,2018-01-01,2018,1,125566666.66666667
953,lithuania,2018-04-01,2018,2,105966666.66666667
954,lithuania,2018-07-01,2018,3,89100000.0
955,lithuania,2018-10-01,2018,4,66000000.0
956,lithuania,2019-01-01,2019,1,133866666.66666667
957,lithuania,2019-04-01,2019,2,101600000.0
958,lithuania,2019-07-01,2019,3,85600000.0
959,lithuania,2019-10-01,2019,4,112600000.0
960,netherlands,2000-01-01,2000,1,-4101266666.6666665
961,netherlands,2000-04-01,2000,2,-4332466666.666667
962,netherlands,2000-07-01,2000,3,-4522933333.333333
963,netherlands,2000-10-01,2000,4,-4988766666.666667
964,netherlands,2001-01-01,2001,1,-4106166666.6666665
965,netherlands,2001-04-01,2001,2,-3894133333.3333335
966,netherlands,2001-07-01,2001,3,-3689066666.6666665
967,netherlands,2001-10-01,2001,4,-3070633333.3333335
968,netherlands,2002-01-01,2002,1,-3565133333.3333335
969,netherlands,2002-04-01,2002,2,-3440333333.3333335
970,netherlands,2002-07-01,2002,3,-3143033333.3333335
971,netherlands,2002-10-01,2002,4,-3271333333.3333335
972,netherlands,2003-01-01,2003,1,-3697133333.3333335
973,netherlands,2003-04-01,2003,2,-3338466666.6666665
974,netherlands,2003-07-01,2003,3,-3010500000.0
975,netherlands,2003-10-01,2003,4,-3635833333.3333335
976,netherlands,2004-01-01,2004,1,-3565400000.0
977,netherlands,2004-04-01,2004,2,-3731166666.6666665
978,netherlands,2004-07-01,2004,3,-3699066666.6666665
979,netherlands,2004-10-01,2004,4,-3999466666.6666665
980,netherlands,2005-01-01,2005,1,-4261366666.6666665
981,netherlands,2005-04-01,2005,2,-4347800000.0
982,netherlands,2005-07-01,2005,3,-5366866666.666667
983,netherlands,2005-10-01,2005,4,-5794166666.666667
984,netherlands,2006-01-01,2006,1,-5523300000.0
985,netherlands,2006-04-01,2006,2,-5722166666.666667
986,netherlands,2006-07-01,2006,3,-5935300000.0
987,netherlands,2006-10-01,2006,4,-5810766666.666667
988,netherlands,2007-01-01,2007,1,-5405333333.333333
989,netherlands,2007-04-01,2007,2,-5492333333.333333
990,netherlands,2007-07-01,2007,3,-5547800000.0
991,netherlands,2007-10-01,2007,4,-5826600000.0
992,netherlands,2008-01-01,2008,1,-7245766666.666667
993,netherlands,2008-04-01,2008,2,-7105400000.0
994,netherlands,2008-07-01,2008,3,-8012366666.666667
995,netherlands,2008-10-01,2008,4,-6851833333.333333
996,netherlands,2009-01-01,2009,1,-5312800000.0
997,netherlands,2009-04-01,2009,2,-4802000000.0
998,netherlands,2009-07-01,2009,3,-4985400000.0
999,netherlands,2009-10-01,2009,4,-6063300000.0
1000,netherlands,2010-01-01,2010,1,-6248000000.0
1001,netherlands,2010-04-01,2010,2,-7695400000.0
1002,netherlands,2010-07-01,2010,3,-7088400000.0
1003,netherlands,2010-10-01,2010,4,-7750300000.0
1004,netherlands,2011-01-01,2011,1,-7773733333.333333
1005,netherlands,2011-04-01,2011,2,-8236966666.666667
1006,netherlands,2011-07-01,2011,3,-8161133333.333333
1007,netherlands,2011-10-01,2011,4,-7637700000.0
1008,netherlands,2012-01-01,2012,1,-9149366666.666666
1009,netherlands,2012-04-01,2012,2,-8651133333.333334
1010,netherlands,2012-07-01,2012,3,-8508200000.0
1011,netherlands,2012-10-01,2012,4,-8107633333.333333
1012,netherlands,2013-01-01,2013,1,-7247366666.666667
1013,netherlands,2013-04-01,2013,2,-7365666666.666667
1014,netherlands,2013-07-01,2013,3,-7520833333.333333
1015,netherlands,2013-10-01,2013,4,-7156100000.0
1016,netherlands,2014-01-01,2014,1,-6762233333.333333
1017,netherlands,2014-04-01,2014,2,-7677666666.666667
1018,netherlands,2014-07-01,2014,3,-7686233333.333333
1019,netherlands,2014-10-01,2014,4,-5764733333.333333
1020,netherlands,2015-01-01,2015,1,-6832166666.666667
1021,netherlands,2015-04-01,2015,2,-7623633333.333333
1022,netherlands,2015-07-01,2015,3,-6920566666.666667
1023,netherlands,2015-10-01,2015,4,-6348800000.0
1024,netherlands,2016-01-01,2016,1,-6010200000.0
1025,netherlands,2016-04-01,2016,2,-5827133333.333333
1026,netherlands,2016-07-01,2016,3,-6002933333.333333
1027,netherlands,2016-10-01,2016,4,-6342733333.333333
1028,netherlands,2017-01-01,2017,1,-6676300000.0
1029,netherlands,2017-04-01,2017,2,-6596800000.0
1030,netherlands,2017-07-01,2017,3,-6827333333.333333
1031,netherlands,2017-10-01,2017,4,-7758600000.0
1032,netherlands,2018-01-01,2018,1,-7192300000.0
1033,netherlands,2018-04-01,2018,2,-7222500000.0
1034,netherlands,2018-07-01,2018,3,-7935066666.666667
1035,netherlands,2018-10-01,2018,4,-8384800000.0
1036,netherlands,2019-01-01,2019,1,-7771266666.666667
1037,netherlands,2019-04-01,2019,2,-8366700000.0
1038,netherlands,2019-07-01,2019,3,-8000133333.333333
1039,netherlands,2019-10-01,2019,4,-7689500000.0
1040,portugal,2000-01-01,2000,1,-477666666.6666667
1041,portugal,2000-04-01,2000,2,-386866666.6666667
1042,portugal,2000-07-01,2000,3,-394533333.3333333
1043,portugal,2000-10-01,2000,4,-527533333.3333333
1044,portugal,2001-01-01,2001,1,-424833333.3333333
1045,portugal,2001-04-01,2001,2,-440366666.6666667
1046,portugal,2001-07-01,2001,3,-380200000.0
1047,portugal,2001-10-01,2001,4,-421500000.0
1048,portugal,2002-01-01,2002,1,-294633333.3333333
1049,portugal,2002-04-01,2002,2,-268433333.33333334
1050,portugal,2002-07-01,2002,3,-226466666.66666666
1051,portugal,2002-10-01,2002,4,-288866666.6666667
1052,portugal,2003-01-01,2003,1,-228233333.33333334
1053,portugal,2003-04-01,2003,2,-262366666.66666666
1054,portugal,2003-07-01,2003,3,-191600000.0
1055,portugal,2003-10-01,2003,4,-239866666.66666666
1056,portugal,2004-01-01,2004,1,-242900000.0
1057,portugal,2004-04-01,2004,2,-339633333.3333333
1058,portugal,2004-07-01,2004,3,-362000000.0
1059,portugal,2004-10-01,2004,4,-453533333.3333333
1060,portugal,2005-01-01,2005,1,-443833333.3333333
1061,portugal,2005-04-01,2005,2,-501966666.6666667
1062,portugal,2005-07-01,2005,3,-479166666.6666667
1063,portugal,2005-10-01,2005,4,-480700000.0
1064,portugal,2006-01-01,2006,1,-544300000.0
1065,portugal,2006-04-01,2006,2,-461333333.3333333
1066,portugal,2006-07-01,2006,3,-457400000.0
1067,portugal,2006-10-01,2006,4,-379900000.0
1068,portugal,2007-01-01,2007,1,-412600000.0
1069,portugal,2007-04-01,2007,2,-440533333.3333333
1070,portugal,2007-07-01,2007,3,-470300000.0
1071,portugal,2007-10-01,2007,4,-524400000.0
1072,portugal,2008-01-01,2008,1,-619200000.0
1073,portugal,2008-04-01,2008,2,-612466666.6666666
1074,portugal,2008-07-01,2008,3,-609333333.3333334
1075,portugal,2008-10-01,2008,4,-426700000.0
1076,portugal,2009-01-01,2009,1,-264333333.33333334
1077,portugal,2009-04-01,2009,2,-284500000.0
1078,portugal,2009-07-01,2009,3,-279966666.6666667
1079,portugal,2009-10-01,2009,4,-370866666.6666667
1080,portugal,2010-01-01,2010,1,-431866666.6666667
1081,portugal,2010-04-01,2010,2,-506166666.6666667
1082,portugal,2010-07-01,2010,3,-412466666.6666667
1083,portugal,2010-10-01,2010,4,-428600000.0
1084,portugal,2011-01-01,2011,1,-471033333.3333333
1085,portugal,2011-04-01,2011,2,-515500000.0
1086,portugal,2011-07-01,2011,3,-453600000.0
1087,portugal,2011-10-01,2011,4,-211600000.0
1088,portugal,2012-01-01,2012,1,-268833333.3333333
1089,portugal,2012-04-01,2012,2,-162800000.0
1090,portugal,2012-07-01,2012,3,-247500000.0
1091,portugal,2012-10-01,2012,4,-108800000.0
1092,portugal,2013-01-01,2013,1,-178733333.33333334
1093,portugal,2013-04-01,2013,2,-25066666.666666668
1094,portugal,2013-07-01,2013,3,-124800000.0
1095,portugal,2013-10-01,2013,4,10766666.666666666
1096,portugal,2014-01-01,2014,1,-26800000.000000004
1097,portugal,2014-04-01,2014,2,34433333.333333336
1098,portugal,2014-07-01,2014,3,-37933333.333333336
1099,portugal,2014-10-01,2014,4,40633333.333333336
1100,portugal,2015-01-01,2015,1,134033333.33333333
1101,portugal,2015-04-01,2015,2,-27266666.666666668
1102,portugal,2015-07-01,2015,3,56666666.666666664
1103,portugal,2015-10-01,2015,4,13066666.666666666
1104,portugal,2016-01-01,2016,1,-17566666.666666668
1105,portugal,2016-04-01,2016,2,23900000.0
1106,portugal,2016-07-01,2016,3,22733333.333333332
1107,portugal,2016-10-01,2016,4,22233333.333333332
1108,portugal,2017-01-01,2017,1,-35100000.0
1109,portugal,2017-04-01,2017,2,-129300000.0
1110,portugal,2017-07-01,2017,3,-33166666.666666668
1111,portugal,2017-10-01,2017,4,-114566666.66666667
1112,portugal,2018-01-01,2018,1,-150966666.66666666
1113,portugal,2018-04-01,2018,2,-235100000.0
1114,portugal,2018-07-01,2018,3,-289600000.0
1115,portugal,2018-10-01,2018,4,-307866666.6666667
1116,portugal,2019-01-01,2019,1,-398266666.6666667
1117,portugal,2019-04-01,2019,2,-335833333.3333333
1118,portugal,2019-07-01,2019,3,-332666666.6666667
1119,portugal,2019-10-01,2019,4,-270033333.3333333
1120,romania,2000-01-01,2000,1,-129500000.0
1121,romania,2000-04-01,2000,2,-147400000.0
1122,romania,2000-07-01,2000,3,-201066666.66666666
1123,romania,2000-10-01,2000,4,-245033333.33333334
1124,romania,2001-01-01,2001,1,-290733333.3333333
1125,romania,2001-04-01,2001,2,-324933333.3333333
1126,romania,2001-07-01,2001,3,-217633333.33333334
1127,romania,2001-10-01,2001,4,-291633333.3333333
1128,romania,2002-01-01,2002,1,-290300000.0
1129,romania,2002-04-01,2002,2,-225400000.0
1130,romania,2002-07-01,2002,3,-282433333.3333333
1131,romania,2002-10-01,2002,4,-200900000.0
1132,romania,2003-01-01,2003,1,-274000000.0
1133,romania,2003-04-01,2003,2,-300400000.0
1134,romania,2003-07-01,2003,3,-293566666.6666667
1135,romania,2003-10-01,2003,4,-342466666.6666667
1136,romania,2004-01-01,2004,1,-396000000.0
1137,romania,2004-04-01,2004,2,-364133333.3333333
1138,romania,2004-07-01,2004,3,-416100000.0
1139,romania,2004-10-01,2004,4,-461400000.0
1140,romania,2005-01-01,2005,1,-459466666.6666667
1141,romania,2005-04-01,2005,2,-514000000.0
1142,romania,2005-07-01,2005,3,-552633333.3333334
1143,romania,2005-10-01,2005,4,-621033333.3333334
1144,romania,2006-01-01,2006,1,-598200000.0
1145,romania,2006-04-01,2006,2,-628200000.0
1146,romania,2006-07-01,2006,3,-745233333.3333334
1147,romania,2006-10-01,2006,4,-876133333.3333334
1148,romania,2007-01-01,2007,1,-807833333.3333334
1149,romania,2007-04-01,2007,2,-822433333.3333334
1150,romania,2007-07-01,2007,3,-873100000.0
1151,romania,2007-10-01,2007,4,-907233333.3333334
1152,romania,2008-01-01,2008,1,-968000000.0
1153,romania,2008-04-01,2008,2,-983700000.0
1154,romania,2008-07-01,2008,3,-1259400000.0
1155,romania,2008-10-01,2008,4,-873566666.6666666
1156,romania,2009-01-01,2009,1,-546233333.3333334
1157,romania,2009-04-01,2009,2,-508133333.3333333
1158,romania,2009-07-01,2009,3,-480966666.6666667
1159,romania,2009-10-01,2009,4,-482700000.0
1160,romania,2010-01-01,2010,1,-511166666.6666667
1161,romania,2010-04-01,2010,2,-547166666.6666666
1162,romania,2010-07-01,2010,3,-451833333.3333333
1163,romania,2010-10-01,2010,4,-435433333.3333333
1164,romania,2011-01-01,2011,1,-470566666.6666667
1165,romania,2011-04-01,2011,2,-568500000.0
1166,romania,2011-07-01,2011,3,-468300000.0
1167,romania,2011-10-01,2011,4,-399166666.6666667
1168,romania,2012-01-01,2012,1,-449266666.6666667
1169,romania,2012-04-01,2012,2,-487566666.6666667
1170,romania,2012-07-01,2012,3,-397900000.0
1171,romania,2012-10-01,2012,4,-319466666.6666667
1172,romania,2013-01-01,2013,1,-127933333.33333333
1173,romania,2013-04-01,2013,2,-82233333.33333333
1174,romania,2013-07-01,2013,3,-205466666.66666666
1175,romania,2013-10-01,2013,4,-81666666.66666667
1176,romania,2014-01-01,2014,1,-166166666.66666666
1177,romania,2014-04-01,2014,2,-228533333.33333334
1178,romania,2014-07-01,2014,3,-152100000.0
1179,romania,2014-10-01,2014,4,-144833333.33333334
1180,romania,2015-01-01,2015,1,-260166666.66666666
1181,romania,2015-04-01,2015,2,-233300000.0
1182,romania,2015-07-01,2015,3,-283600000.0
1183,romania,2015-10-01,2015,4,-291200000.0
1184,romania,2016-01-01,2016,1,-353500000.0
1185,romania,2016-04-01,2016,2,-341566666.6666667
1186,romania,2016-07-01,2016,3,-422800000.0
1187,romania,2016-10-01,2016,4,-405533333.3333333
1188,romania,2017-01-01,2017,1,-513266666.6666667
1189,romania,2017-04-01,2017,2,-684466666.6666666
1190,romania,2017-07-01,2017,3,-637166666.6666666
1191,romania,2017-10-01,2017,4,-690966666.6666666
1192,romania,2018-01-01,2018,1,-620066666.6666666
1193,romania,2018-04-01,2018,2,-754166666.6666666
1194,romania,2018-07-01,2018,3,-835733333.3333334
1195,romania,2018-10-01,2018,4,-1011200000.0
1196,romania,2019-01-01,2019,1,-956533333.3333334
1197,romania,2019-04-01,2019,2,-899866666.6666666
1198,romania,2019-07-01,2019,3,-892766666.6666666
1199,romania,2019-10-01,2019,4,-950566666.6666666
1200,slovakia,2000-01-01,2000,1,-130466666.66666667
1201,slovakia,2000-04-01,2000,2,-136433333.33333334
1202,slovakia,2000-07-01,2000,3,-178466666.66666666
1203,slovakia,2000-10-01,2000,4,-221366666.66666666
1204,slovakia,2001-01-01,2001,1,-226733333.33333334
1205,slovakia,2001-04-01,2001,2,-242866666.66666666
1206,slovakia,2001-07-01,2001,3,-236866666.66666666
1207,slovakia,2001-10-01,2001,4,-251766666.66666666
1208,slovakia,2002-01-01,2002,1,-235866666.66666666
1209,slovakia,2002-04-01,2002,2,-225500000.0
1210,slovakia,2002-07-01,2002,3,-233800000.0
1211,slovakia,2002-10-01,2002,4,-270300000.0
1212,slovakia,2003-01-01,2003,1,-245866666.66666666
1213,slovakia,2003-04-01,2003,2,-182833333.33333334
1214,slovakia,2003-07-01,2003,3,-160900000.0
1215,slovakia,2003-10-01,2003,4,-174800000.0
1216,slovakia,2004-01-01,2004,1,-172700000.0
1217,slovakia,2004-04-01,2004,2,-201866666.66666666
1218,slovakia,2004-07-01,2004,3,-260766666.66666666
1219,slovakia,2004-10-01,2004,4,-235100000.0
1220,slovakia,2005-01-01,2005,1,-303333333.3333333
1221,slovakia,2005-04-01,2005,2,-253866666.66666666
1222,slovakia,2005-07-01,2005,3,-246100000.0
1223,slovakia,2005-10-01,2005,4,-341033333.3333333
1224,slovakia,2006-01-01,2006,1,-388533333.3333333
1225,slovakia,2006-04-01,2006,2,-425966666.6666667
1226,slovakia,2006-07-01,2006,3,-385466666.6666667
1227,slovakia,2006-10-01,2006,4,-365966666.6666667
1228,slovakia,2007-01-01,2007,1,-314366666.6666667
1229,slovakia,2007-04-01,2007,2,-419700000.0
1230,slovakia,2007-07-01,2007,3,-476800000.0
1231,slovakia,2007-10-01,2007,4,-457000000.0
1232,slovakia,2008-01-01,2008,1,-456933333.3333333
1233,slovakia,2008-04-01,2008,2,-490300000.0
1234,slovakia,2008-07-01,2008,3,-438433333.3333333
1235,slovakia,2008-10-01,2008,4,-522700000.0
1236,slovakia,2009-01-01,2009,1,-483033333.3333333
1237,slovakia,2009-04-01,2009,2,-263033333.33333334
1238,slovakia,2009-07-01,2009,3,-288200000.0
1239,slovakia,2009-10-01,2009,4,-316800000.0
1240,slovakia,2010-01-01,2010,1,-309700000.0
1241,slovakia,2010-04-01,2010,2,-487033333.3333333
1242,slovakia,2010-07-01,2010,3,-540666666.6666666
1243,slovakia,2010-10-01,2010,4,-452666666.6666667
1244,slovakia,2011-01-01,2011,1,-446966666.6666667
1245,slovakia,2011-04-01,2011,2,-462966666.6666667
1246,slovakia,2011-07-01,2011,3,-349433333.3333333
1247,slovakia,2011-10-01,2011,4,-296400000.0
1248,slovakia,2012-01-01,2012,1,-317500000.0
1249,slovakia,2012-04-01,2012,2,-91433333.33333333
1250,slovakia,2012-07-01,2012,3,-147600000.0
1251,slovakia,2012-10-01,2012,4,-114066666.66666667
1252,slovakia,2013-01-01,2013,1,-12400000.0
1253,slovakia,2013-04-01,2013,2,-31233333.333333332
1254,slovakia,2013-07-01,2013,3,-62200000.0
1255,slovakia,2013-10-01,2013,4,-36933333.333333336
1256,slovakia,2014-01-01,2014,1,-26433333.333333332
1257,slovakia,2014-04-01,2014,2,-5466666.666666667
1258,slovakia,2014-07-01,2014,3,-14366666.666666666
1259,slovakia,2014-10-01,2014,4,-5666666.666666667
1260,slovakia,2015-01-01,2015,1,-70600000.0
1261,slovakia,2015-04-01,2015,2,-75800000.0
1262,slovakia,2015-07-01,2015,3,-174533333.33333334
1263,slovakia,2015-10-01,2015,4,-98666666.66666667
1264,slovakia,2016-01-01,2016,1,-39500000.0
1265,slovakia,2016-04-01,2016,2,-102100000.0
1266,slovakia,2016-07-01,2016,3,-99600000.0
1267,slovakia,2016-10-01,2016,4,-71633333.33333333
1268,slovakia,2017-01-01,2017,1,-194933333.33333334
1269,slovakia,2017-04-01,2017,2,-44400000.0
1270,slovakia,2017-07-01,2017,3,-153766666.66666666
1271,slovakia,2017-10-01,2017,4,-175166666.66666666
1272,slovakia,2018-01-01,2018,1,-245600000.0
1273,slovakia,2018-04-01,2018,2,-196533333.33333334
1274,slovakia,2018-07-01,2018,3,-342900000.0
1275,slovakia,2018-10-01,2018,4,-262100000.0
1276,slovakia,2019-01-01,2019,1,-207166666.66666666
1277,slovakia,2019-04-01,2019,2,-442566666.6666667
1278,slovakia,2019-07-01,2019,3,-431233333.3333333
1279,slovakia,2019-10-01,2019,4,-394266666.6666667
1280,spain,2000-01-01,2000,1,-1858166666.6666667
1281,spain,2000-04-01,2000,2,-2033600000.0
1282,spain,2000-07-01,2000,3,-2060300000.0
1283,spain,2000-10-01,2000,4,-2196700000.0
1284,spain,2001-01-01,2001,1,-1742400000.0
1285,spain,2001-04-01,2001,2,-2004933333.3333333
1286,spain,2001-07-01,2001,3,-1880433333.3333333
1287,spain,2001-10-01,2001,4,-1757000000.0
1288,spain,2002-01-01,2002,1,-1573700000.0
1289,spain,2002-04-01,2002,2,-1556566666.6666667
1290,spain,2002-07-01,2002,3,-1539500000.0
1291,spain,2002-10-01,2002,4,-2041533333.3333333
1292,spain,2003-01-01,2003,1,-1862933333.3333333
1293,spain,2003-04-01,2003,2,-1977333333.3333333
1294,spain,2003-07-01,2003,3,-1947466666.6666667
1295,spain,2003-10-01,2003,4,-2035966666.6666667
1296,spain,2004-01-01,2004,1,-2132066666.6666667
1297,spain,2004-04-01,2004,2,-2577533333.3333335
1298,spain,2004-07-01,2004,3,-2913033333.3333335
1299,spain,2004-10-01,2004,4,-2798500000.0
1300,spain,2005-01-01,2005,1,-3350333333.3333335
1301,spain,2005-04-01,2005,2,-3397700000.0
1302,spain,2005-07-01,2005,3,-3748633333.3333335
1303,spain,2005-10-01,2005,4,-4091200000.0
1304,spain,2006-01-01,2006,1,-4184433333.3333335
1305,spain,2006-04-01,2006,2,-4642433333.333333
1306,spain,2006-07-01,2006,3,-4701866666.666667
1307,spain,2006-10-01,2006,4,-4859700000.0
1308,spain,2007-01-01,2007,1,-4370533333.333333
1309,spain,2007-04-01,2007,2,-4389400000.0
1310,spain,2007-07-01,2007,3,-4809933333.333333
1311,spain,2007-10-01,2007,4,-4860833333.333333
1312,spain,2008-01-01,2008,1,-5656666666.666667
1313,spain,2008-04-01,2008,2,-5581200000.0
1314,spain,2008-07-01,2008,3,-5005666666.666667
1315,spain,2008-10-01,2008,4,-3891166666.6666665
1316,spain,2009-01-01,2009,1,-3127900000.0
1317,spain,2009-04-01,2009,2,-2355066666.6666665
1318,spain,2009-07-01,2009,3,-2720900000.0
1319,spain,2009-10-01,2009,4,-3013066666.6666665
1320,spain,2010-01-01,2010,1,-3437700000.0
1321,spain,2010-04-01,2010,2,-3819300000.0
1322,spain,2010-07-01,2010,3,-3537066666.6666665
1323,spain,2010-10-01,2010,4,-4234600000.0
1324,spain,2011-01-01,2011,1,-3771166666.6666665
1325,spain,2011-04-01,2011,2,-3625233333.3333335
1326,spain,2011-07-01,2011,3,-3224633333.3333335
1327,spain,2011-10-01,2011,4,-3466666666.6666665
1328,spain,2012-01-01,2012,1,-3649166666.6666665
1329,spain,2012-04-01,2012,2,-2943233333.3333335
1330,spain,2012-07-01,2012,3,-2634566666.6666665
1331,spain,2012-10-01,2012,4,-2015100000.0
1332,spain,2013-01-01,2013,1,-1498966666.6666667
1333,spain,2013-04-01,2013,2,-1611033333.3333333
1334,spain,2013-07-01,2013,3,-1730133333.3333333
1335,spain,2013-10-01,2013,4,-1930733333.3333333
1336,spain,2014-01-01,2014,1,-2020533333.3333333
1337,spain,2014-04-01,2014,2,-1940466666.6666667
1338,spain,2014-07-01,2014,3,-2255400000.0
1339,spain,2014-10-01,2014,4,-1701066666.6666667
1340,spain,2015-01-01,2015,1,-1573600000.0
1341,spain,2015-04-01,2015,2,-1699300000.0
1342,spain,2015-07-01,2015,3,-1738200000.0
1343,spain,2015-10-01,2015,4,-1292600000.0
1344,spain,2016-01-01,2016,1,-1341133333.3333333
1345,spain,2016-04-01,2016,2,-988133333.3333334
1346,spain,2016-07-01,2016,3,-899166666.6666666
1347,spain,2016-10-01,2016,4,-1881866666.6666667
1348,spain,2017-01-01,2017,1,-2365066666.6666665
1349,spain,2017-04-01,2017,2,-1950866666.6666667
1350,spain,2017-07-01,2017,3,-2006066666.6666667
1351,spain,2017-10-01,2017,4,-2134266666.6666667
1352,spain,2018-01-01,2018,1,-2413433333.3333335
1353,spain,2018-04-01,2018,2,-2747733333.3333335
1354,spain,2018-07-01,2018,3,-2823333333.3333335
1355,spain,2018-10-01,2018,4,-3066933333.3333335
1356,spain,2019-01-01,2019,1,-2930733333.3333335
1357,spain,2019-04-01,2019,2,-2771066666.6666665
1358,spain,2019-07-01,2019,3,-2914900000.0
1359,spain,2019-10-01,2019,4,-2391233333.3333335
