,country,date,year,quarter,unempl
0,austria,2000-01-01,2000,1,0.042333333333333334
1,austria,2000-04-01,2000,2,0.037000000000000005
2,austria,2000-07-01,2000,3,0.03833333333333333
3,austria,2000-10-01,2000,4,0.03766666666666667
4,austria,2001-01-01,2001,1,0.036333333333333336
5,austria,2001-04-01,2001,2,0.04
6,austria,2001-07-01,2001,3,0.040999999999999995
7,austria,2001-10-01,2001,4,0.043000000000000003
8,austria,2002-01-01,2002,1,0.045000000000000005
9,austria,2002-04-01,2002,2,0.042333333333333334
10,austria,2002-07-01,2002,3,0.044000000000000004
11,austria,2002-10-01,2002,4,0.044333333333333336
12,austria,2003-01-01,2003,1,0.04533333333333334
13,austria,2003-04-01,2003,2,0.04800000000000001
14,austria,2003-07-01,2003,3,0.04800000000000001
15,austria,2003-10-01,2003,4,0.05033333333333334
16,austria,2004-01-01,2004,1,0.06
17,austria,2004-04-01,2004,2,0.057999999999999996
18,austria,2004-07-01,2004,3,0.05833333333333333
19,austria,2004-10-01,2004,4,0.05933333333333334
20,austria,2005-01-01,2005,1,0.057999999999999996
21,austria,2005-04-01,2005,2,0.061000000000000006
22,austria,2005-07-01,2005,3,0.061
23,austria,2005-10-01,2005,4,0.06133333333333333
24,austria,2006-01-01,2006,1,0.061
25,austria,2006-04-01,2006,2,0.05666666666666667
26,austria,2006-07-01,2006,3,0.05399999999999999
27,austria,2006-10-01,2006,4,0.05333333333333334
28,austria,2007-01-01,2007,1,0.052
29,austria,2007-04-01,2007,2,0.05433333333333334
30,austria,2007-07-01,2007,3,0.05333333333333332
31,austria,2007-10-01,2007,4,0.04800000000000001
32,austria,2008-01-01,2008,1,0.04533333333333334
33,austria,2008-04-01,2008,2,0.04033333333333333
34,austria,2008-07-01,2008,3,0.044333333333333336
35,austria,2008-10-01,2008,4,0.04733333333333333
36,austria,2009-01-01,2009,1,0.050666666666666665
37,austria,2009-04-01,2009,2,0.056999999999999995
38,austria,2009-07-01,2009,3,0.06266666666666666
39,austria,2009-10-01,2009,4,0.05833333333333333
40,austria,2010-01-01,2010,1,0.05333333333333334
41,austria,2010-04-01,2010,2,0.053333333333333344
42,austria,2010-07-01,2010,3,0.052333333333333336
43,austria,2010-10-01,2010,4,0.04833333333333333
44,austria,2011-01-01,2011,1,0.051333333333333335
45,austria,2011-04-01,2011,2,0.04800000000000001
46,austria,2011-07-01,2011,3,0.044000000000000004
47,austria,2011-10-01,2011,4,0.052333333333333336
48,austria,2012-01-01,2012,1,0.04833333333333334
49,austria,2012-04-01,2012,2,0.052
50,austria,2012-07-01,2012,3,0.055333333333333325
51,austria,2012-10-01,2012,4,0.05366666666666667
52,austria,2013-01-01,2013,1,0.057999999999999996
53,austria,2013-04-01,2013,2,0.05400000000000001
54,austria,2013-07-01,2013,3,0.05833333333333333
55,austria,2013-10-01,2013,4,0.058666666666666666
56,austria,2014-01-01,2014,1,0.06066666666666667
57,austria,2014-04-01,2014,2,0.059
58,austria,2014-07-01,2014,3,0.061
59,austria,2014-10-01,2014,4,0.06133333333333333
60,austria,2015-01-01,2015,1,0.05933333333333333
61,austria,2015-04-01,2015,2,0.06266666666666666
62,austria,2015-07-01,2015,3,0.06133333333333333
63,austria,2015-10-01,2015,4,0.06266666666666666
64,austria,2016-01-01,2016,1,0.06366666666666666
65,austria,2016-04-01,2016,2,0.06566666666666666
66,austria,2016-07-01,2016,3,0.06766666666666667
67,austria,2016-10-01,2016,4,0.062
68,austria,2017-01-01,2017,1,0.06066666666666667
69,austria,2017-04-01,2017,2,0.05833333333333333
70,austria,2017-07-01,2017,3,0.06
71,austria,2017-10-01,2017,4,0.057666666666666665
72,austria,2018-01-01,2018,1,0.05366666666666667
73,austria,2018-04-01,2018,2,0.049666666666666665
74,austria,2018-07-01,2018,3,0.05400000000000001
75,austria,2018-10-01,2018,4,0.051333333333333335
76,austria,2019-01-01,2019,1,0.04966666666666667
77,austria,2019-04-01,2019,2,0.04800000000000001
78,austria,2019-07-01,2019,3,0.048666666666666664
79,austria,2019-10-01,2019,4,0.046000000000000006
80,belgium,2000-01-01,2000,1,0.071
81,belgium,2000-04-01,2000,2,0.068
82,belgium,2000-07-01,2000,3,0.069
83,belgium,2000-10-01,2000,4,0.06633333333333334
84,belgium,2001-01-01,2001,1,0.06066666666666667
85,belgium,2001-04-01,2001,2,0.065
86,belgium,2001-07-01,2001,3,0.063
87,belgium,2001-10-01,2001,4,0.074
88,belgium,2002-01-01,2002,1,0.07333333333333333
89,belgium,2002-04-01,2002,2,0.073
90,belgium,2002-07-01,2002,3,0.075
91,belgium,2002-10-01,2002,4,0.07966666666666666
92,belgium,2003-01-01,2003,1,0.081
93,belgium,2003-04-01,2003,2,0.081
94,belgium,2003-07-01,2003,3,0.08133333333333333
95,belgium,2003-10-01,2003,4,0.08366666666666667
96,belgium,2004-01-01,2004,1,0.08533333333333333
97,belgium,2004-04-01,2004,2,0.07766666666666666
98,belgium,2004-07-01,2004,3,0.08866666666666667
99,belgium,2004-10-01,2004,4,0.08366666666666667
100,belgium,2005-01-01,2005,1,0.08466666666666667
101,belgium,2005-04-01,2005,2,0.085
102,belgium,2005-07-01,2005,3,0.085
103,belgium,2005-10-01,2005,4,0.08433333333333333
104,belgium,2006-01-01,2006,1,0.08566666666666667
105,belgium,2006-04-01,2006,2,0.08666666666666667
106,belgium,2006-07-01,2006,3,0.079
107,belgium,2006-10-01,2006,4,0.07933333333333333
108,belgium,2007-01-01,2007,1,0.07833333333333332
109,belgium,2007-04-01,2007,2,0.08
110,belgium,2007-07-01,2007,3,0.07066666666666667
111,belgium,2007-10-01,2007,4,0.07066666666666667
112,belgium,2008-01-01,2008,1,0.069
113,belgium,2008-04-01,2008,2,0.06633333333333334
114,belgium,2008-07-01,2008,3,0.075
115,belgium,2008-10-01,2008,4,0.06833333333333334
116,belgium,2009-01-01,2009,1,0.07866666666666666
117,belgium,2009-04-01,2009,2,0.07933333333333333
118,belgium,2009-07-01,2009,3,0.08
119,belgium,2009-10-01,2009,4,0.08166666666666667
120,belgium,2010-01-01,2010,1,0.08666666666666667
121,belgium,2010-04-01,2010,2,0.08533333333333333
122,belgium,2010-07-01,2010,3,0.08433333333333333
123,belgium,2010-10-01,2010,4,0.079
124,belgium,2011-01-01,2011,1,0.07133333333333333
125,belgium,2011-04-01,2011,2,0.07
126,belgium,2011-07-01,2011,3,0.07533333333333332
127,belgium,2011-10-01,2011,4,0.072
128,belgium,2012-01-01,2012,1,0.07266666666666667
129,belgium,2012-04-01,2012,2,0.07366666666666667
130,belgium,2012-07-01,2012,3,0.076
131,belgium,2012-10-01,2012,4,0.08366666666666667
132,belgium,2013-01-01,2013,1,0.08533333333333333
133,belgium,2013-04-01,2013,2,0.08566666666666667
134,belgium,2013-07-01,2013,3,0.08466666666666667
135,belgium,2013-10-01,2013,4,0.08633333333333333
136,belgium,2014-01-01,2014,1,0.08733333333333333
137,belgium,2014-04-01,2014,2,0.08600000000000001
138,belgium,2014-07-01,2014,3,0.08633333333333333
139,belgium,2014-10-01,2014,4,0.08700000000000001
140,belgium,2015-01-01,2015,1,0.08866666666666667
141,belgium,2015-04-01,2015,2,0.08733333333333333
142,belgium,2015-07-01,2015,3,0.082
143,belgium,2015-10-01,2015,4,0.08833333333333333
144,belgium,2016-01-01,2016,1,0.08266666666666667
145,belgium,2016-04-01,2016,2,0.082
146,belgium,2016-07-01,2016,3,0.077
147,belgium,2016-10-01,2016,4,0.07233333333333335
148,belgium,2017-01-01,2017,1,0.077
149,belgium,2017-04-01,2017,2,0.07266666666666667
150,belgium,2017-07-01,2017,3,0.07066666666666667
151,belgium,2017-10-01,2017,4,0.064
152,belgium,2018-01-01,2018,1,0.06133333333333333
153,belgium,2018-04-01,2018,2,0.06333333333333334
154,belgium,2018-07-01,2018,3,0.056666666666666664
155,belgium,2018-10-01,2018,4,0.057333333333333326
156,belgium,2019-01-01,2019,1,0.056333333333333326
157,belgium,2019-04-01,2019,2,0.055
158,belgium,2019-07-01,2019,3,0.051333333333333335
159,belgium,2019-10-01,2019,4,0.052333333333333336
160,bulgaria,2000-01-01,2000,1,0.14733333333333334
161,bulgaria,2000-04-01,2000,2,0.16
162,bulgaria,2000-07-01,2000,3,0.17166666666666666
163,bulgaria,2000-10-01,2000,4,0.17900000000000002
164,bulgaria,2001-01-01,2001,1,0.18833333333333332
165,bulgaria,2001-04-01,2001,2,0.20033333333333334
166,bulgaria,2001-07-01,2001,3,0.19899999999999998
167,bulgaria,2001-10-01,2001,4,0.19799999999999998
168,bulgaria,2002-01-01,2002,1,0.19199999999999998
169,bulgaria,2002-04-01,2002,2,0.18500000000000003
170,bulgaria,2002-07-01,2002,3,0.18233333333333335
171,bulgaria,2002-10-01,2002,4,0.16866666666666666
172,bulgaria,2003-01-01,2003,1,0.15033333333333332
173,bulgaria,2003-04-01,2003,2,0.14133333333333334
174,bulgaria,2003-07-01,2003,3,0.133
175,bulgaria,2003-10-01,2003,4,0.127
176,bulgaria,2004-01-01,2004,1,0.12766666666666668
177,bulgaria,2004-04-01,2004,2,0.123
178,bulgaria,2004-07-01,2004,3,0.11533333333333333
179,bulgaria,2004-10-01,2004,4,0.11666666666666665
180,bulgaria,2005-01-01,2005,1,0.10899999999999999
181,bulgaria,2005-04-01,2005,2,0.10133333333333333
182,bulgaria,2005-07-01,2005,3,0.09699999999999999
183,bulgaria,2005-10-01,2005,4,0.09799999999999999
184,bulgaria,2006-01-01,2006,1,0.09266666666666667
185,bulgaria,2006-04-01,2006,2,0.09100000000000001
186,bulgaria,2006-07-01,2006,3,0.09200000000000001
187,bulgaria,2006-10-01,2006,4,0.08433333333333333
188,bulgaria,2007-01-01,2007,1,0.07566666666666666
189,bulgaria,2007-04-01,2007,2,0.07
190,bulgaria,2007-07-01,2007,3,0.06866666666666667
191,bulgaria,2007-10-01,2007,4,0.062
192,bulgaria,2008-01-01,2008,1,0.06033333333333333
193,bulgaria,2008-04-01,2008,2,0.05833333333333334
194,bulgaria,2008-07-01,2008,3,0.05466666666666666
195,bulgaria,2008-10-01,2008,4,0.051333333333333335
196,bulgaria,2009-01-01,2009,1,0.07
197,bulgaria,2009-04-01,2009,2,0.07433333333333335
198,bulgaria,2009-07-01,2009,3,0.08366666666666667
199,bulgaria,2009-10-01,2009,4,0.09066666666666667
200,bulgaria,2010-01-01,2010,1,0.10533333333333333
201,bulgaria,2010-04-01,2010,2,0.11
202,bulgaria,2010-07-01,2010,3,0.11466666666666665
203,bulgaria,2010-10-01,2010,4,0.12366666666666666
204,bulgaria,2011-01-01,2011,1,0.124
205,bulgaria,2011-04-01,2011,2,0.122
206,bulgaria,2011-07-01,2011,3,0.12133333333333333
207,bulgaria,2011-10-01,2011,4,0.125
208,bulgaria,2012-01-01,2012,1,0.13066666666666668
209,bulgaria,2012-04-01,2012,2,0.13266666666666668
210,bulgaria,2012-07-01,2012,3,0.13333333333333333
211,bulgaria,2012-10-01,2012,4,0.13433333333333333
212,bulgaria,2013-01-01,2013,1,0.14
213,bulgaria,2013-04-01,2013,2,0.13866666666666666
214,bulgaria,2013-07-01,2013,3,0.137
215,bulgaria,2013-10-01,2013,4,0.14066666666666666
216,bulgaria,2014-01-01,2014,1,0.133
217,bulgaria,2014-04-01,2014,2,0.12233333333333334
218,bulgaria,2014-07-01,2014,3,0.12333333333333335
219,bulgaria,2014-10-01,2014,4,0.11666666666666665
220,bulgaria,2015-01-01,2015,1,0.109
221,bulgaria,2015-04-01,2015,2,0.10733333333333334
222,bulgaria,2015-07-01,2015,3,0.09766666666666667
223,bulgaria,2015-10-01,2015,4,0.09033333333333333
224,bulgaria,2016-01-01,2016,1,0.09066666666666667
225,bulgaria,2016-04-01,2016,2,0.08900000000000001
226,bulgaria,2016-07-01,2016,3,0.08466666666666667
227,bulgaria,2016-10-01,2016,4,0.07866666666666666
228,bulgaria,2017-01-01,2017,1,0.074
229,bulgaria,2017-04-01,2017,2,0.07166666666666667
230,bulgaria,2017-07-01,2017,3,0.07233333333333332
231,bulgaria,2017-10-01,2017,4,0.068
232,bulgaria,2018-01-01,2018,1,0.063
233,bulgaria,2018-04-01,2018,2,0.06266666666666666
234,bulgaria,2018-07-01,2018,3,0.06333333333333334
235,bulgaria,2018-10-01,2018,4,0.05833333333333333
236,bulgaria,2019-01-01,2019,1,0.056
237,bulgaria,2019-04-01,2019,2,0.050333333333333334
238,bulgaria,2019-07-01,2019,3,0.050333333333333334
239,bulgaria,2019-10-01,2019,4,0.05200000000000001
240,croatia,2000-01-01,2000,1,0.148
241,croatia,2000-04-01,2000,2,0.155
242,croatia,2000-07-01,2000,3,0.15966666666666665
243,croatia,2000-10-01,2000,4,0.16366666666666665
244,croatia,2001-01-01,2001,1,0.162
245,croatia,2001-04-01,2001,2,0.15933333333333333
246,croatia,2001-07-01,2001,3,0.15833333333333333
247,croatia,2001-10-01,2001,4,0.15666666666666665
248,croatia,2002-01-01,2002,1,0.158
249,croatia,2002-04-01,2002,2,0.15533333333333332
250,croatia,2002-07-01,2002,3,0.15166666666666664
251,croatia,2002-10-01,2002,4,0.14533333333333334
252,croatia,2003-01-01,2003,1,0.1413333333333333
253,croatia,2003-04-01,2003,2,0.14066666666666666
254,croatia,2003-07-01,2003,3,0.14
255,croatia,2003-10-01,2003,4,0.14033333333333334
256,croatia,2004-01-01,2004,1,0.14033333333333334
257,croatia,2004-04-01,2004,2,0.13933333333333334
258,croatia,2004-07-01,2004,3,0.1376666666666667
259,croatia,2004-10-01,2004,4,0.13633333333333333
260,croatia,2005-01-01,2005,1,0.13533333333333333
261,croatia,2005-04-01,2005,2,0.13233333333333333
262,croatia,2005-07-01,2005,3,0.12866666666666668
263,croatia,2005-10-01,2005,4,0.12566666666666668
264,croatia,2006-01-01,2006,1,0.122
265,croatia,2006-04-01,2006,2,0.11833333333333333
266,croatia,2006-07-01,2006,3,0.114
267,croatia,2006-10-01,2006,4,0.11066666666666665
268,croatia,2007-01-01,2007,1,0.10333333333333333
269,croatia,2007-04-01,2007,2,0.09933333333333334
270,croatia,2007-07-01,2007,3,0.10166666666666667
271,croatia,2007-10-01,2007,4,0.09400000000000001
272,croatia,2008-01-01,2008,1,0.08933333333333333
273,croatia,2008-04-01,2008,2,0.08700000000000001
274,croatia,2008-07-01,2008,3,0.08533333333333333
275,croatia,2008-10-01,2008,4,0.083
276,croatia,2009-01-01,2009,1,0.08533333333333333
277,croatia,2009-04-01,2009,2,0.09233333333333334
278,croatia,2009-07-01,2009,3,0.09566666666666666
279,croatia,2009-10-01,2009,4,0.09999999999999999
280,croatia,2010-01-01,2010,1,0.10666666666666667
281,croatia,2010-04-01,2010,2,0.11533333333333334
282,croatia,2010-07-01,2010,3,0.121
283,croatia,2010-10-01,2010,4,0.128
284,croatia,2011-01-01,2011,1,0.13233333333333333
285,croatia,2011-04-01,2011,2,0.13466666666666668
286,croatia,2011-07-01,2011,3,0.1396666666666667
287,croatia,2011-10-01,2011,4,0.14033333333333334
288,croatia,2012-01-01,2012,1,0.148
289,croatia,2012-04-01,2012,2,0.15333333333333332
290,croatia,2012-07-01,2012,3,0.161
291,croatia,2012-10-01,2012,4,0.168
292,croatia,2013-01-01,2013,1,0.17300000000000001
293,croatia,2013-04-01,2013,2,0.17400000000000002
294,croatia,2013-07-01,2013,3,0.17266666666666666
295,croatia,2013-10-01,2013,4,0.17566666666666667
296,croatia,2014-01-01,2014,1,0.17766666666666667
297,croatia,2014-04-01,2014,2,0.17433333333333334
298,croatia,2014-07-01,2014,3,0.169
299,croatia,2014-10-01,2014,4,0.16833333333333333
300,croatia,2015-01-01,2015,1,0.16966666666666666
301,croatia,2015-04-01,2015,2,0.16366666666666665
302,croatia,2015-07-01,2015,3,0.158
303,croatia,2015-10-01,2015,4,0.15433333333333332
304,croatia,2016-01-01,2016,1,0.14466666666666667
305,croatia,2016-04-01,2016,2,0.13466666666666668
306,croatia,2016-07-01,2016,3,0.129
307,croatia,2016-10-01,2016,4,0.12633333333333333
308,croatia,2017-01-01,2017,1,0.12166666666666666
309,croatia,2017-04-01,2017,2,0.11266666666666665
310,croatia,2017-07-01,2017,3,0.10666666666666667
311,croatia,2017-10-01,2017,4,0.10033333333333333
312,croatia,2018-01-01,2018,1,0.09266666666666667
313,croatia,2018-04-01,2018,2,0.08566666666666667
314,croatia,2018-07-01,2018,3,0.081
315,croatia,2018-10-01,2018,4,0.07566666666666667
316,croatia,2019-01-01,2019,1,0.07166666666666667
317,croatia,2019-04-01,2019,2,0.06633333333333334
318,croatia,2019-07-01,2019,3,0.06566666666666666
319,croatia,2019-10-01,2019,4,0.063
320,czech_republic,2000-01-01,2000,1,0.09266666666666667
321,czech_republic,2000-04-01,2000,2,0.08900000000000001
322,czech_republic,2000-07-01,2000,3,0.085
323,czech_republic,2000-10-01,2000,4,0.08366666666666667
324,czech_republic,2001-01-01,2001,1,0.08266666666666667
325,czech_republic,2001-04-01,2001,2,0.081
326,czech_republic,2001-07-01,2001,3,0.08199999999999999
327,czech_republic,2001-10-01,2001,4,0.07933333333333333
328,czech_republic,2002-01-01,2002,1,0.075
329,czech_republic,2002-04-01,2002,2,0.07166666666666667
330,czech_republic,2002-07-01,2002,3,0.07166666666666667
331,czech_republic,2002-10-01,2002,4,0.07333333333333333
332,czech_republic,2003-01-01,2003,1,0.074
333,czech_republic,2003-04-01,2003,2,0.077
334,czech_republic,2003-07-01,2003,3,0.07933333333333333
335,czech_republic,2003-10-01,2003,4,0.08166666666666667
336,czech_republic,2004-01-01,2004,1,0.08433333333333333
337,czech_republic,2004-04-01,2004,2,0.08366666666666667
338,czech_republic,2004-07-01,2004,3,0.082
339,czech_republic,2004-10-01,2004,4,0.08266666666666667
340,czech_republic,2005-01-01,2005,1,0.081
341,czech_republic,2005-04-01,2005,2,0.07966666666666666
342,czech_republic,2005-07-01,2005,3,0.07766666666666666
343,czech_republic,2005-10-01,2005,4,0.079
344,czech_republic,2006-01-01,2006,1,0.07733333333333334
345,czech_republic,2006-04-01,2006,2,0.07233333333333335
346,czech_republic,2006-07-01,2006,3,0.07
347,czech_republic,2006-10-01,2006,4,0.06633333333333334
348,czech_republic,2007-01-01,2007,1,0.058666666666666666
349,czech_republic,2007-04-01,2007,2,0.05433333333333334
350,czech_republic,2007-07-01,2007,3,0.051
351,czech_republic,2007-10-01,2007,4,0.04900000000000001
352,czech_republic,2008-01-01,2008,1,0.04566666666666667
353,czech_republic,2008-04-01,2008,2,0.043333333333333335
354,czech_republic,2008-07-01,2008,3,0.042333333333333334
355,czech_republic,2008-10-01,2008,4,0.04466666666666667
356,czech_republic,2009-01-01,2009,1,0.055999999999999994
357,czech_republic,2009-04-01,2009,2,0.06466666666666666
358,czech_republic,2009-07-01,2009,3,0.07300000000000001
359,czech_republic,2009-10-01,2009,4,0.07366666666666667
360,czech_republic,2010-01-01,2010,1,0.078
361,czech_republic,2010-04-01,2010,2,0.07300000000000001
362,czech_republic,2010-07-01,2010,3,0.07066666666666667
363,czech_republic,2010-10-01,2010,4,0.07
364,czech_republic,2011-01-01,2011,1,0.06933333333333334
365,czech_republic,2011-04-01,2011,2,0.06833333333333334
366,czech_republic,2011-07-01,2011,3,0.06566666666666666
367,czech_republic,2011-10-01,2011,4,0.06533333333333334
368,czech_republic,2012-01-01,2012,1,0.06866666666666667
369,czech_republic,2012-04-01,2012,2,0.06866666666666667
370,czech_republic,2012-07-01,2012,3,0.06966666666666667
371,czech_republic,2012-10-01,2012,4,0.07266666666666666
372,czech_republic,2013-01-01,2013,1,0.072
373,czech_republic,2013-04-01,2013,2,0.06933333333333334
374,czech_republic,2013-07-01,2013,3,0.06933333333333334
375,czech_republic,2013-10-01,2013,4,0.06766666666666667
376,czech_republic,2014-01-01,2014,1,0.06566666666666666
377,czech_republic,2014-04-01,2014,2,0.06133333333333333
378,czech_republic,2014-07-01,2014,3,0.059
379,czech_republic,2014-10-01,2014,4,0.058666666666666666
380,czech_republic,2015-01-01,2015,1,0.05833333333333333
381,czech_republic,2015-04-01,2015,2,0.05033333333333334
382,czech_republic,2015-07-01,2015,3,0.04833333333333334
383,czech_republic,2015-10-01,2015,4,0.04566666666666667
384,czech_republic,2016-01-01,2016,1,0.041666666666666664
385,czech_republic,2016-04-01,2016,2,0.04033333333333333
386,czech_republic,2016-07-01,2016,3,0.03966666666666667
387,czech_republic,2016-10-01,2016,4,0.036666666666666674
388,czech_republic,2017-01-01,2017,1,0.03333333333333333
389,czech_republic,2017-04-01,2017,2,0.030666666666666665
390,czech_republic,2017-07-01,2017,3,0.02766666666666667
391,czech_republic,2017-10-01,2017,4,0.02466666666666667
392,czech_republic,2018-01-01,2018,1,0.023333333333333334
393,czech_republic,2018-04-01,2018,2,0.02266666666666667
394,czech_republic,2018-07-01,2018,3,0.023000000000000003
395,czech_republic,2018-10-01,2018,4,0.021
396,czech_republic,2019-01-01,2019,1,0.019333333333333334
397,czech_republic,2019-04-01,2019,2,0.01966666666666667
398,czech_republic,2019-07-01,2019,3,0.020666666666666667
399,czech_republic,2019-10-01,2019,4,0.021
400,france,2000-01-01,2000,1,0.09633333333333334
401,france,2000-04-01,2000,2,0.09300000000000001
402,france,2000-07-01,2000,3,0.09000000000000001
403,france,2000-10-01,2000,4,0.08766666666666667
404,france,2001-01-01,2001,1,0.08566666666666667
405,france,2001-04-01,2001,2,0.085
406,france,2001-07-01,2001,3,0.084
407,france,2001-10-01,2001,4,0.08366666666666667
408,france,2002-01-01,2002,1,0.08199999999999999
409,france,2002-04-01,2002,2,0.08199999999999999
410,france,2002-07-01,2002,3,0.083
411,france,2002-10-01,2002,4,0.084
412,france,2003-01-01,2003,1,0.083
413,france,2003-04-01,2003,2,0.085
414,france,2003-07-01,2003,3,0.08466666666666667
415,france,2003-10-01,2003,4,0.08833333333333333
416,france,2004-01-01,2004,1,0.08900000000000001
417,france,2004-04-01,2004,2,0.08800000000000001
418,france,2004-07-01,2004,3,0.08866666666666667
419,france,2004-10-01,2004,4,0.08933333333333333
420,france,2005-01-01,2005,1,0.08633333333333333
421,france,2005-04-01,2005,2,0.08800000000000001
422,france,2005-07-01,2005,3,0.08966666666666667
423,france,2005-10-01,2005,4,0.09100000000000001
424,france,2006-01-01,2006,1,0.09166666666666667
425,france,2006-04-01,2006,2,0.08933333333333333
426,france,2006-07-01,2006,3,0.08933333333333333
427,france,2006-10-01,2006,4,0.08366666666666667
428,france,2007-01-01,2007,1,0.08466666666666667
429,france,2007-04-01,2007,2,0.081
430,france,2007-07-01,2007,3,0.08
431,france,2007-10-01,2007,4,0.075
432,france,2008-01-01,2008,1,0.07133333333333333
433,france,2008-04-01,2008,2,0.07300000000000001
434,france,2008-07-01,2008,3,0.07533333333333332
435,france,2008-10-01,2008,4,0.078
436,france,2009-01-01,2009,1,0.08566666666666667
437,france,2009-04-01,2009,2,0.09166666666666667
438,france,2009-07-01,2009,3,0.09200000000000001
439,france,2009-10-01,2009,4,0.09533333333333334
440,france,2010-01-01,2010,1,0.09400000000000001
441,france,2010-04-01,2010,2,0.09266666666666667
442,france,2010-07-01,2010,3,0.09200000000000001
443,france,2010-10-01,2010,4,0.09200000000000001
444,france,2011-01-01,2011,1,0.09166666666666667
445,france,2011-04-01,2011,2,0.09100000000000001
446,france,2011-07-01,2011,3,0.09200000000000001
447,france,2011-10-01,2011,4,0.09366666666666668
448,france,2012-01-01,2012,1,0.09500000000000001
449,france,2012-04-01,2012,2,0.09666666666666666
450,france,2012-07-01,2012,3,0.09733333333333333
451,france,2012-10-01,2012,4,0.10166666666666667
452,france,2013-01-01,2013,1,0.10400000000000002
453,france,2013-04-01,2013,2,0.10433333333333333
454,france,2013-07-01,2013,3,0.102
455,france,2013-10-01,2013,4,0.10166666666666667
456,france,2014-01-01,2014,1,0.102
457,france,2014-04-01,2014,2,0.10133333333333333
458,france,2014-07-01,2014,3,0.10233333333333333
459,france,2014-10-01,2014,4,0.10466666666666667
460,france,2015-01-01,2015,1,0.10366666666666668
461,france,2015-04-01,2015,2,0.10433333333333333
462,france,2015-07-01,2015,3,0.10300000000000002
463,france,2015-10-01,2015,4,0.10266666666666667
464,france,2016-01-01,2016,1,0.103
465,france,2016-04-01,2016,2,0.09999999999999999
466,france,2016-07-01,2016,3,0.09866666666666668
467,france,2016-10-01,2016,4,0.10066666666666667
468,france,2017-01-01,2017,1,0.09633333333333333
469,france,2017-04-01,2017,2,0.09500000000000001
470,france,2017-07-01,2017,3,0.09466666666666668
471,france,2017-10-01,2017,4,0.09033333333333333
472,france,2018-01-01,2018,1,0.09266666666666667
473,france,2018-04-01,2018,2,0.09100000000000001
474,france,2018-07-01,2018,3,0.08900000000000001
475,france,2018-10-01,2018,4,0.08800000000000001
476,france,2019-01-01,2019,1,0.08733333333333333
477,france,2019-04-01,2019,2,0.085
478,france,2019-07-01,2019,3,0.083
479,france,2019-10-01,2019,4,0.08199999999999999
480,germany,2000-01-01,2000,1,0.08133333333333333
481,germany,2000-04-01,2000,2,0.08
482,germany,2000-07-01,2000,3,0.079
483,germany,2000-10-01,2000,4,0.07766666666666666
484,germany,2001-01-01,2001,1,0.07666666666666666
485,germany,2001-04-01,2001,2,0.07666666666666666
486,germany,2001-07-01,2001,3,0.07833333333333332
487,germany,2001-10-01,2001,4,0.08033333333333333
488,germany,2002-01-01,2002,1,0.08166666666666667
489,germany,2002-04-01,2002,2,0.084
490,germany,2002-07-01,2002,3,0.08733333333333333
491,germany,2002-10-01,2002,4,0.09100000000000001
492,germany,2003-01-01,2003,1,0.09500000000000001
493,germany,2003-04-01,2003,2,0.09733333333333333
494,germany,2003-07-01,2003,3,0.09800000000000002
495,germany,2003-10-01,2003,4,0.09800000000000002
496,germany,2004-01-01,2004,1,0.10066666666666667
497,germany,2004-04-01,2004,2,0.10300000000000002
498,germany,2004-07-01,2004,3,0.10366666666666668
499,germany,2004-10-01,2004,4,0.106
500,germany,2005-01-01,2005,1,0.10833333333333334
501,germany,2005-04-01,2005,2,0.11199999999999999
502,germany,2005-07-01,2005,3,0.11166666666666665
503,germany,2005-10-01,2005,4,0.10866666666666668
504,germany,2006-01-01,2006,1,0.10533333333333333
505,germany,2006-04-01,2006,2,0.102
506,germany,2006-07-01,2006,3,0.09900000000000002
507,germany,2006-10-01,2006,4,0.09566666666666666
508,germany,2007-01-01,2007,1,0.09066666666666667
509,germany,2007-04-01,2007,2,0.08666666666666667
510,germany,2007-07-01,2007,3,0.08433333333333333
511,germany,2007-10-01,2007,4,0.082
512,germany,2008-01-01,2008,1,0.079
513,germany,2008-04-01,2008,2,0.07566666666666667
514,germany,2008-07-01,2008,3,0.07133333333333333
515,germany,2008-10-01,2008,4,0.07
516,germany,2009-01-01,2009,1,0.07133333333333333
517,germany,2009-04-01,2009,2,0.07333333333333333
518,germany,2009-07-01,2009,3,0.07366666666666667
519,germany,2009-10-01,2009,4,0.07133333333333333
520,germany,2010-01-01,2010,1,0.06966666666666667
521,germany,2010-04-01,2010,2,0.06666666666666667
522,germany,2010-07-01,2010,3,0.06366666666666666
523,germany,2010-10-01,2010,4,0.062
524,germany,2011-01-01,2011,1,0.058666666666666666
525,germany,2011-04-01,2011,2,0.05566666666666666
526,germany,2011-07-01,2011,3,0.05433333333333334
527,germany,2011-10-01,2011,4,0.052333333333333336
528,germany,2012-01-01,2012,1,0.051
529,germany,2012-04-01,2012,2,0.051
530,germany,2012-07-01,2012,3,0.050333333333333334
531,germany,2012-10-01,2012,4,0.05000000000000001
532,germany,2013-01-01,2013,1,0.050666666666666665
533,germany,2013-04-01,2013,2,0.04966666666666667
534,germany,2013-07-01,2013,3,0.04900000000000001
535,germany,2013-10-01,2013,4,0.04833333333333334
536,germany,2014-01-01,2014,1,0.04800000000000001
537,germany,2014-04-01,2014,2,0.04733333333333334
538,germany,2014-07-01,2014,3,0.04700000000000001
539,germany,2014-10-01,2014,4,0.04633333333333334
540,germany,2015-01-01,2015,1,0.045000000000000005
541,germany,2015-04-01,2015,2,0.044000000000000004
542,germany,2015-07-01,2015,3,0.043000000000000003
543,germany,2015-10-01,2015,4,0.042333333333333334
544,germany,2016-01-01,2016,1,0.04133333333333333
545,germany,2016-04-01,2016,2,0.04
546,germany,2016-07-01,2016,3,0.03866666666666666
547,germany,2016-10-01,2016,4,0.037333333333333336
548,germany,2017-01-01,2017,1,0.037000000000000005
549,germany,2017-04-01,2017,2,0.036000000000000004
550,germany,2017-07-01,2017,3,0.035
551,germany,2017-10-01,2017,4,0.034333333333333334
552,germany,2018-01-01,2018,1,0.033
553,germany,2018-04-01,2018,2,0.03233333333333333
554,germany,2018-07-01,2018,3,0.032
555,germany,2018-10-01,2018,4,0.031000000000000003
556,germany,2019-01-01,2019,1,0.030333333333333334
557,germany,2019-04-01,2019,2,0.029333333333333333
558,germany,2019-07-01,2019,3,0.028999999999999998
559,germany,2019-10-01,2019,4,0.031
560,greece,2000-01-01,2000,1,0.11566666666666665
561,greece,2000-04-01,2000,2,0.11466666666666668
562,greece,2000-07-01,2000,3,0.11233333333333333
563,greece,2000-10-01,2000,4,0.10633333333333334
564,greece,2001-01-01,2001,1,0.105
565,greece,2001-04-01,2001,2,0.107
566,greece,2001-07-01,2001,3,0.10633333333333334
567,greece,2001-10-01,2001,4,0.10866666666666668
568,greece,2002-01-01,2002,1,0.107
569,greece,2002-04-01,2002,2,0.10300000000000002
570,greece,2002-07-01,2002,3,0.10233333333333333
571,greece,2002-10-01,2002,4,0.10000000000000002
572,greece,2003-01-01,2003,1,0.09733333333333333
573,greece,2003-04-01,2003,2,0.09699999999999999
574,greece,2003-07-01,2003,3,0.09699999999999999
575,greece,2003-10-01,2003,4,0.09900000000000002
576,greece,2004-01-01,2004,1,0.10833333333333334
577,greece,2004-04-01,2004,2,0.106
578,greece,2004-07-01,2004,3,0.10566666666666667
579,greece,2004-10-01,2004,4,0.10333333333333333
580,greece,2005-01-01,2005,1,0.09999999999999999
581,greece,2005-04-01,2005,2,0.10066666666666667
582,greece,2005-07-01,2005,3,0.10233333333333333
583,greece,2005-10-01,2005,4,0.09799999999999999
584,greece,2006-01-01,2006,1,0.09266666666666667
585,greece,2006-04-01,2006,2,0.09100000000000001
586,greece,2006-07-01,2006,3,0.08833333333333333
587,greece,2006-10-01,2006,4,0.08766666666666667
588,greece,2007-01-01,2007,1,0.08733333333333333
589,greece,2007-04-01,2007,2,0.08466666666666667
590,greece,2007-07-01,2007,3,0.084
591,greece,2007-10-01,2007,4,0.08033333333333333
592,greece,2008-01-01,2008,1,0.07833333333333332
593,greece,2008-04-01,2008,2,0.076
594,greece,2008-07-01,2008,3,0.07733333333333332
595,greece,2008-10-01,2008,4,0.08
596,greece,2009-01-01,2009,1,0.09200000000000001
597,greece,2009-04-01,2009,2,0.09433333333333334
598,greece,2009-07-01,2009,3,0.09933333333333333
599,greece,2009-10-01,2009,4,0.10533333333333333
600,greece,2010-01-01,2010,1,0.11533333333333333
601,greece,2010-04-01,2010,2,0.12466666666666666
602,greece,2010-07-01,2010,3,0.13266666666666668
603,greece,2010-10-01,2010,4,0.14500000000000002
604,greece,2011-01-01,2011,1,0.15766666666666665
605,greece,2011-04-01,2011,2,0.17
606,greece,2011-07-01,2011,3,0.18733333333333335
607,greece,2011-10-01,2011,4,0.20866666666666667
608,greece,2012-01-01,2012,1,0.22333333333333336
609,greece,2012-04-01,2012,2,0.24333333333333332
610,greece,2012-07-01,2012,3,0.26
611,greece,2012-10-01,2012,4,0.267
612,greece,2013-01-01,2013,1,0.27366666666666667
613,greece,2013-04-01,2013,2,0.2796666666666667
614,greece,2013-07-01,2013,3,0.2813333333333333
615,greece,2013-10-01,2013,4,0.278
616,greece,2014-01-01,2014,1,0.273
617,greece,2014-04-01,2014,2,0.27
618,greece,2014-07-01,2014,3,0.26333333333333336
619,greece,2014-10-01,2014,4,0.25933333333333336
620,greece,2015-01-01,2015,1,0.25866666666666666
621,greece,2015-04-01,2015,2,0.25
622,greece,2015-07-01,2015,3,0.247
623,greece,2015-10-01,2015,4,0.24433333333333337
624,greece,2016-01-01,2016,1,0.24300000000000002
625,greece,2016-04-01,2016,2,0.2376666666666667
626,greece,2016-07-01,2016,3,0.237
627,greece,2016-10-01,2016,4,0.2373333333333333
628,greece,2017-01-01,2017,1,0.2306666666666667
629,greece,2017-04-01,2017,2,0.21833333333333335
630,greece,2017-07-01,2017,3,0.21133333333333335
631,greece,2017-10-01,2017,4,0.21266666666666667
632,greece,2018-01-01,2018,1,0.20933333333333334
633,greece,2018-04-01,2018,2,0.19699999999999998
634,greece,2018-07-01,2018,3,0.19233333333333333
635,greece,2018-10-01,2018,4,0.19200000000000003
636,greece,2019-01-01,2019,1,0.19133333333333333
637,greece,2019-04-01,2019,2,0.17733333333333334
638,greece,2019-07-01,2019,3,0.17433333333333334
639,greece,2019-10-01,2019,4,0.171
640,hungary,2000-01-01,2000,1,0.06566666666666666
641,hungary,2000-04-01,2000,2,0.064
642,hungary,2000-07-01,2000,3,0.061
643,hungary,2000-10-01,2000,4,0.059
644,hungary,2001-01-01,2001,1,0.056666666666666664
645,hungary,2001-04-01,2001,2,0.055999999999999994
646,hungary,2001-07-01,2001,3,0.055333333333333325
647,hungary,2001-10-01,2001,4,0.055
648,hungary,2002-01-01,2002,1,0.055
649,hungary,2002-04-01,2002,2,0.055333333333333325
650,hungary,2002-07-01,2002,3,0.056333333333333326
651,hungary,2002-10-01,2002,4,0.057
652,hungary,2003-01-01,2003,1,0.057
653,hungary,2003-04-01,2003,2,0.057999999999999996
654,hungary,2003-07-01,2003,3,0.057
655,hungary,2003-10-01,2003,4,0.057
656,hungary,2004-01-01,2004,1,0.057666666666666665
657,hungary,2004-04-01,2004,2,0.059
658,hungary,2004-07-01,2004,3,0.06166666666666667
659,hungary,2004-10-01,2004,4,0.06433333333333334
660,hungary,2005-01-01,2005,1,0.06766666666666667
661,hungary,2005-04-01,2005,2,0.07166666666666667
662,hungary,2005-07-01,2005,3,0.07366666666666667
663,hungary,2005-10-01,2005,4,0.07400000000000001
664,hungary,2006-01-01,2006,1,0.07366666666666666
665,hungary,2006-04-01,2006,2,0.07333333333333333
666,hungary,2006-07-01,2006,3,0.07566666666666666
667,hungary,2006-10-01,2006,4,0.07566666666666667
668,hungary,2007-01-01,2007,1,0.07133333333333333
669,hungary,2007-04-01,2007,2,0.07133333333333333
670,hungary,2007-07-01,2007,3,0.07366666666666666
671,hungary,2007-10-01,2007,4,0.07833333333333332
672,hungary,2008-01-01,2008,1,0.07633333333333332
673,hungary,2008-04-01,2008,2,0.07633333333333332
674,hungary,2008-07-01,2008,3,0.07766666666666666
675,hungary,2008-10-01,2008,4,0.082
676,hungary,2009-01-01,2009,1,0.09033333333333333
677,hungary,2009-04-01,2009,2,0.09433333333333334
678,hungary,2009-07-01,2009,3,0.10000000000000002
679,hungary,2009-10-01,2009,4,0.10333333333333333
680,hungary,2010-01-01,2010,1,0.10766666666666667
681,hungary,2010-04-01,2010,2,0.109
682,hungary,2010-07-01,2010,3,0.10766666666666667
683,hungary,2010-10-01,2010,4,0.10766666666666667
684,hungary,2011-01-01,2011,1,0.10833333333333334
685,hungary,2011-04-01,2011,2,0.106
686,hungary,2011-07-01,2011,3,0.10633333333333334
687,hungary,2011-10-01,2011,4,0.106
688,hungary,2012-01-01,2012,1,0.10800000000000003
689,hungary,2012-04-01,2012,2,0.10633333333333334
690,hungary,2012-07-01,2012,3,0.10466666666666667
691,hungary,2012-10-01,2012,4,0.10466666666666667
692,hungary,2013-01-01,2013,1,0.105
693,hungary,2013-04-01,2013,2,0.09666666666666666
694,hungary,2013-07-01,2013,3,0.09333333333333334
695,hungary,2013-10-01,2013,4,0.08633333333333333
696,hungary,2014-01-01,2014,1,0.07833333333333332
697,hungary,2014-04-01,2014,2,0.077
698,hungary,2014-07-01,2014,3,0.07233333333333335
699,hungary,2014-10-01,2014,4,0.07100000000000001
700,hungary,2015-01-01,2015,1,0.07066666666666667
701,hungary,2015-04-01,2015,2,0.067
702,hungary,2015-07-01,2015,3,0.063
703,hungary,2015-10-01,2015,4,0.059
704,hungary,2016-01-01,2016,1,0.05533333333333334
705,hungary,2016-04-01,2016,2,0.05000000000000001
706,hungary,2016-07-01,2016,3,0.04700000000000001
707,hungary,2016-10-01,2016,4,0.043666666666666666
708,hungary,2017-01-01,2017,1,0.042
709,hungary,2017-04-01,2017,2,0.041666666666666664
710,hungary,2017-07-01,2017,3,0.03933333333333333
711,hungary,2017-10-01,2017,4,0.03766666666666667
712,hungary,2018-01-01,2018,1,0.036666666666666674
713,hungary,2018-04-01,2018,2,0.03466666666666667
714,hungary,2018-07-01,2018,3,0.035333333333333335
715,hungary,2018-10-01,2018,4,0.034
716,hungary,2019-01-01,2019,1,0.03366666666666667
717,hungary,2019-04-01,2019,2,0.03233333333333333
718,hungary,2019-07-01,2019,3,0.03233333333333333
719,hungary,2019-10-01,2019,4,0.03266666666666667
720,ireland,2000-01-01,2000,1,0.04800000000000001
721,ireland,2000-04-01,2000,2,0.046000000000000006
722,ireland,2000-07-01,2000,3,0.042666666666666665
723,ireland,2000-10-01,2000,4,0.039
724,ireland,2001-01-01,2001,1,0.03966666666666666
725,ireland,2001-04-01,2001,2,0.04
726,ireland,2001-07-01,2001,3,0.043666666666666666
727,ireland,2001-10-01,2001,4,0.043666666666666666
728,ireland,2002-01-01,2002,1,0.04533333333333334
729,ireland,2002-04-01,2002,2,0.04633333333333334
730,ireland,2002-07-01,2002,3,0.045000000000000005
731,ireland,2002-10-01,2002,4,0.052333333333333336
732,ireland,2003-01-01,2003,1,0.04833333333333334
733,ireland,2003-04-01,2003,2,0.04800000000000001
734,ireland,2003-07-01,2003,3,0.050333333333333334
735,ireland,2003-10-01,2003,4,0.04733333333333334
736,ireland,2004-01-01,2004,1,0.051333333333333335
737,ireland,2004-04-01,2004,2,0.04666666666666667
738,ireland,2004-07-01,2004,3,0.04533333333333334
739,ireland,2004-10-01,2004,4,0.04666666666666667
740,ireland,2005-01-01,2005,1,0.044333333333333336
741,ireland,2005-04-01,2005,2,0.04866666666666667
742,ireland,2005-07-01,2005,3,0.04700000000000001
743,ireland,2005-10-01,2005,4,0.04533333333333334
744,ireland,2006-01-01,2006,1,0.04700000000000001
745,ireland,2006-04-01,2006,2,0.04733333333333334
746,ireland,2006-07-01,2006,3,0.049999999999999996
747,ireland,2006-10-01,2006,4,0.04666666666666667
748,ireland,2007-01-01,2007,1,0.04900000000000001
749,ireland,2007-04-01,2007,2,0.05000000000000001
750,ireland,2007-07-01,2007,3,0.04900000000000001
751,ireland,2007-10-01,2007,4,0.052
752,ireland,2008-01-01,2008,1,0.05366666666666667
753,ireland,2008-04-01,2008,2,0.059666666666666666
754,ireland,2008-07-01,2008,3,0.07366666666666667
755,ireland,2008-10-01,2008,4,0.08533333333333333
756,ireland,2009-01-01,2009,1,0.10866666666666665
757,ireland,2009-04-01,2009,2,0.126
758,ireland,2009-07-01,2009,3,0.133
759,ireland,2009-10-01,2009,4,0.13833333333333334
760,ireland,2010-01-01,2010,1,0.138
761,ireland,2010-04-01,2010,2,0.14366666666666666
762,ireland,2010-07-01,2010,3,0.1456666666666667
763,ireland,2010-10-01,2010,4,0.15666666666666665
764,ireland,2011-01-01,2011,1,0.15133333333333332
765,ireland,2011-04-01,2011,2,0.15033333333333332
766,ireland,2011-07-01,2011,3,0.156
767,ireland,2011-10-01,2011,4,0.15866666666666665
768,ireland,2012-01-01,2012,1,0.15933333333333333
769,ireland,2012-04-01,2012,2,0.15533333333333332
770,ireland,2012-07-01,2012,3,0.15466666666666665
771,ireland,2012-10-01,2012,4,0.15
772,ireland,2013-01-01,2013,1,0.14533333333333334
773,ireland,2013-04-01,2013,2,0.14366666666666664
774,ireland,2013-07-01,2013,3,0.13333333333333333
775,ireland,2013-10-01,2013,4,0.12866666666666668
776,ireland,2014-01-01,2014,1,0.12833333333333333
777,ireland,2014-04-01,2014,2,0.122
778,ireland,2014-07-01,2014,3,0.11666666666666665
779,ireland,2014-10-01,2014,4,0.109
780,ireland,2015-01-01,2015,1,0.10633333333333334
781,ireland,2015-04-01,2015,2,0.09999999999999999
782,ireland,2015-07-01,2015,3,0.09566666666666668
783,ireland,2015-10-01,2015,4,0.09466666666666668
784,ireland,2016-01-01,2016,1,0.08933333333333333
785,ireland,2016-04-01,2016,2,0.08800000000000001
786,ireland,2016-07-01,2016,3,0.08233333333333333
787,ireland,2016-10-01,2016,4,0.07566666666666666
788,ireland,2017-01-01,2017,1,0.07266666666666667
789,ireland,2017-04-01,2017,2,0.06666666666666667
790,ireland,2017-07-01,2017,3,0.06666666666666667
791,ireland,2017-10-01,2017,4,0.06433333333333334
792,ireland,2018-01-01,2018,1,0.059
793,ireland,2018-04-01,2018,2,0.058666666666666666
794,ireland,2018-07-01,2018,3,0.057
795,ireland,2018-10-01,2018,4,0.056666666666666664
796,ireland,2019-01-01,2019,1,0.04933333333333334
797,ireland,2019-04-01,2019,2,0.051666666666666666
798,ireland,2019-07-01,2019,3,0.049999999999999996
799,ireland,2019-10-01,2019,4,0.04800000000000001
800,italy,2000-01-01,2000,1,0.10566666666666667
801,italy,2000-04-01,2000,2,0.10266666666666667
802,italy,2000-07-01,2000,3,0.09966666666666668
803,italy,2000-10-01,2000,4,0.09600000000000002
804,italy,2001-01-01,2001,1,0.09366666666666668
805,italy,2001-04-01,2001,2,0.09133333333333334
806,italy,2001-07-01,2001,3,0.09033333333333333
807,italy,2001-10-01,2001,4,0.08866666666666667
808,italy,2002-01-01,2002,1,0.08533333333333333
809,italy,2002-04-01,2002,2,0.08833333333333333
810,italy,2002-07-01,2002,3,0.08600000000000001
811,italy,2002-10-01,2002,4,0.08466666666666667
812,italy,2003-01-01,2003,1,0.08733333333333333
813,italy,2003-04-01,2003,2,0.08466666666666667
814,italy,2003-07-01,2003,3,0.084
815,italy,2003-10-01,2003,4,0.08199999999999999
816,italy,2004-01-01,2004,1,0.08266666666666667
817,italy,2004-04-01,2004,2,0.08033333333333333
818,italy,2004-07-01,2004,3,0.07866666666666666
819,italy,2004-10-01,2004,4,0.07966666666666666
820,italy,2005-01-01,2005,1,0.079
821,italy,2005-04-01,2005,2,0.07833333333333332
822,italy,2005-07-01,2005,3,0.07633333333333332
823,italy,2005-10-01,2005,4,0.07666666666666666
824,italy,2006-01-01,2006,1,0.07333333333333335
825,italy,2006-04-01,2006,2,0.06966666666666667
826,italy,2006-07-01,2006,3,0.06666666666666667
827,italy,2006-10-01,2006,4,0.065
828,italy,2007-01-01,2007,1,0.06166666666666667
829,italy,2007-04-01,2007,2,0.06033333333333333
830,italy,2007-07-01,2007,3,0.062
831,italy,2007-10-01,2007,4,0.064
832,italy,2008-01-01,2008,1,0.066
833,italy,2008-04-01,2008,2,0.06833333333333334
834,italy,2008-07-01,2008,3,0.06733333333333334
835,italy,2008-10-01,2008,4,0.07
836,italy,2009-01-01,2009,1,0.07466666666666667
837,italy,2009-04-01,2009,2,0.07566666666666667
838,italy,2009-07-01,2009,3,0.08033333333333333
839,italy,2009-10-01,2009,4,0.084
840,italy,2010-01-01,2010,1,0.08600000000000001
841,italy,2010-04-01,2010,2,0.08633333333333333
842,italy,2010-07-01,2010,3,0.08366666666666667
843,italy,2010-10-01,2010,4,0.084
844,italy,2011-01-01,2011,1,0.08133333333333333
845,italy,2011-04-01,2011,2,0.082
846,italy,2011-07-01,2011,3,0.08633333333333333
847,italy,2011-10-01,2011,4,0.09366666666666668
848,italy,2012-01-01,2012,1,0.10166666666666667
849,italy,2012-04-01,2012,2,0.10733333333333334
850,italy,2012-07-01,2012,3,0.11033333333333332
851,italy,2012-10-01,2012,4,0.11633333333333333
852,italy,2013-01-01,2013,1,0.121
853,italy,2013-04-01,2013,2,0.12333333333333335
854,italy,2013-07-01,2013,3,0.124
855,italy,2013-10-01,2013,4,0.12566666666666668
856,italy,2014-01-01,2014,1,0.12933333333333333
857,italy,2014-04-01,2014,2,0.12633333333333333
858,italy,2014-07-01,2014,3,0.12766666666666668
859,italy,2014-10-01,2014,4,0.12866666666666668
860,italy,2015-01-01,2015,1,0.12533333333333332
861,italy,2015-04-01,2015,2,0.12266666666666666
862,italy,2015-07-01,2015,3,0.11633333333333333
863,italy,2015-10-01,2015,4,0.11666666666666665
864,italy,2016-01-01,2016,1,0.11666666666666665
865,italy,2016-04-01,2016,2,0.11699999999999999
866,italy,2016-07-01,2016,3,0.11666666666666665
867,italy,2016-10-01,2016,4,0.11833333333333333
868,italy,2017-01-01,2017,1,0.11633333333333333
869,italy,2017-04-01,2017,2,0.11266666666666665
870,italy,2017-07-01,2017,3,0.11299999999999999
871,italy,2017-10-01,2017,4,0.11
872,italy,2018-01-01,2018,1,0.109
873,italy,2018-04-01,2018,2,0.108
874,italy,2018-07-01,2018,3,0.10233333333333333
875,italy,2018-10-01,2018,4,0.105
876,italy,2019-01-01,2019,1,0.10366666666666667
877,italy,2019-04-01,2019,2,0.09966666666666668
878,italy,2019-07-01,2019,3,0.09600000000000002
879,italy,2019-10-01,2019,4,0.09666666666666666
880,lithuania,2000-01-01,2000,1,0.15633333333333332
881,lithuania,2000-04-01,2000,2,0.165
882,lithuania,2000-07-01,2000,3,0.16966666666666666
883,lithuania,2000-10-01,2000,4,0.166
884,lithuania,2001-01-01,2001,1,0.17733333333333334
885,lithuania,2001-04-01,2001,2,0.17533333333333334
886,lithuania,2001-07-01,2001,3,0.168
887,lithuania,2001-10-01,2001,4,0.17500000000000002
888,lithuania,2002-01-01,2002,1,0.15933333333333333
889,lithuania,2002-04-01,2002,2,0.13466666666666668
890,lithuania,2002-07-01,2002,3,0.129
891,lithuania,2002-10-01,2002,4,0.128
892,lithuania,2003-01-01,2003,1,0.12466666666666666
893,lithuania,2003-04-01,2003,2,0.13
894,lithuania,2003-07-01,2003,3,0.12433333333333334
895,lithuania,2003-10-01,2003,4,0.11866666666666666
896,lithuania,2004-01-01,2004,1,0.11399999999999999
897,lithuania,2004-04-01,2004,2,0.109
898,lithuania,2004-07-01,2004,3,0.10766666666666667
899,lithuania,2004-10-01,2004,4,0.105
900,lithuania,2005-01-01,2005,1,0.09533333333333334
901,lithuania,2005-04-01,2005,2,0.08966666666666667
902,lithuania,2005-07-01,2005,3,0.07733333333333334
903,lithuania,2005-10-01,2005,4,0.07033333333333334
904,lithuania,2006-01-01,2006,1,0.06433333333333334
905,lithuania,2006-04-01,2006,2,0.05833333333333333
906,lithuania,2006-07-01,2006,3,0.057666666666666665
907,lithuania,2006-10-01,2006,4,0.051
908,lithuania,2007-01-01,2007,1,0.043666666666666666
909,lithuania,2007-04-01,2007,2,0.043333333333333335
910,lithuania,2007-07-01,2007,3,0.042333333333333334
911,lithuania,2007-10-01,2007,4,0.04066666666666666
912,lithuania,2008-01-01,2008,1,0.041666666666666664
913,lithuania,2008-04-01,2008,2,0.044000000000000004
914,lithuania,2008-07-01,2008,3,0.06366666666666666
915,lithuania,2008-10-01,2008,4,0.08333333333333333
916,lithuania,2009-01-01,2009,1,0.107
917,lithuania,2009-04-01,2009,2,0.13333333333333333
918,lithuania,2009-07-01,2009,3,0.149
919,lithuania,2009-10-01,2009,4,0.16266666666666665
920,lithuania,2010-01-01,2010,1,0.17333333333333334
921,lithuania,2010-04-01,2010,2,0.18200000000000002
922,lithuania,2010-07-01,2010,3,0.18166666666666667
923,lithuania,2010-10-01,2010,4,0.17633333333333334
924,lithuania,2011-01-01,2011,1,0.16833333333333333
925,lithuania,2011-04-01,2011,2,0.158
926,lithuania,2011-07-01,2011,3,0.153
927,lithuania,2011-10-01,2011,4,0.1366666666666667
928,lithuania,2012-01-01,2012,1,0.14
929,lithuania,2012-04-01,2012,2,0.135
930,lithuania,2012-07-01,2012,3,0.131
931,lithuania,2012-10-01,2012,4,0.13
932,lithuania,2013-01-01,2013,1,0.12066666666666666
933,lithuania,2013-04-01,2013,2,0.11733333333333333
934,lithuania,2013-07-01,2013,3,0.11733333333333333
935,lithuania,2013-10-01,2013,4,0.11666666666666665
936,lithuania,2014-01-01,2014,1,0.11299999999999999
937,lithuania,2014-04-01,2014,2,0.11066666666666665
938,lithuania,2014-07-01,2014,3,0.10233333333333335
939,lithuania,2014-10-01,2014,4,0.10333333333333333
940,lithuania,2015-01-01,2015,1,0.09300000000000001
941,lithuania,2015-04-01,2015,2,0.09266666666666667
942,lithuania,2015-07-01,2015,3,0.09166666666666667
943,lithuania,2015-10-01,2015,4,0.08833333333333333
944,lithuania,2016-01-01,2016,1,0.08066666666666666
945,lithuania,2016-04-01,2016,2,0.081
946,lithuania,2016-07-01,2016,3,0.079
947,lithuania,2016-10-01,2016,4,0.076
948,lithuania,2017-01-01,2017,1,0.07733333333333332
949,lithuania,2017-04-01,2017,2,0.07200000000000001
950,lithuania,2017-07-01,2017,3,0.067
951,lithuania,2017-10-01,2017,4,0.068
952,lithuania,2018-01-01,2018,1,0.06733333333333334
953,lithuania,2018-04-01,2018,2,0.06066666666666667
954,lithuania,2018-07-01,2018,3,0.059666666666666666
955,lithuania,2018-10-01,2018,4,0.06
956,lithuania,2019-01-01,2019,1,0.06166666666666667
957,lithuania,2019-04-01,2019,2,0.06033333333333333
958,lithuania,2019-07-01,2019,3,0.063
959,lithuania,2019-10-01,2019,4,0.06633333333333334
960,netherlands,2000-01-01,2000,1,0.03866666666666666
961,netherlands,2000-04-01,2000,2,0.037333333333333336
962,netherlands,2000-07-01,2000,3,0.03566666666666667
963,netherlands,2000-10-01,2000,4,0.03366666666666667
964,netherlands,2001-01-01,2001,1,0.032
965,netherlands,2001-04-01,2001,2,0.031000000000000003
966,netherlands,2001-07-01,2001,3,0.031000000000000003
967,netherlands,2001-10-01,2001,4,0.03133333333333333
968,netherlands,2002-01-01,2002,1,0.033
969,netherlands,2002-04-01,2002,2,0.035
970,netherlands,2002-07-01,2002,3,0.038
971,netherlands,2002-10-01,2002,4,0.041
972,netherlands,2003-01-01,2003,1,0.05433333333333334
973,netherlands,2003-04-01,2003,2,0.057999999999999996
974,netherlands,2003-07-01,2003,3,0.061
975,netherlands,2003-10-01,2003,4,0.06366666666666666
976,netherlands,2004-01-01,2004,1,0.066
977,netherlands,2004-04-01,2004,2,0.06933333333333334
978,netherlands,2004-07-01,2004,3,0.06733333333333334
979,netherlands,2004-10-01,2004,4,0.06866666666666667
980,netherlands,2005-01-01,2005,1,0.07100000000000001
981,netherlands,2005-04-01,2005,2,0.07100000000000001
982,netherlands,2005-07-01,2005,3,0.06933333333333334
983,netherlands,2005-10-01,2005,4,0.06833333333333334
984,netherlands,2006-01-01,2006,1,0.06433333333333334
985,netherlands,2006-04-01,2006,2,0.06133333333333333
986,netherlands,2006-07-01,2006,3,0.05933333333333333
987,netherlands,2006-10-01,2006,4,0.058666666666666666
988,netherlands,2007-01-01,2007,1,0.05633333333333334
989,netherlands,2007-04-01,2007,2,0.05266666666666667
990,netherlands,2007-07-01,2007,3,0.052333333333333336
991,netherlands,2007-10-01,2007,4,0.050666666666666665
992,netherlands,2008-01-01,2008,1,0.04800000000000001
993,netherlands,2008-04-01,2008,2,0.04800000000000001
994,netherlands,2008-07-01,2008,3,0.04733333333333334
995,netherlands,2008-10-01,2008,4,0.04733333333333334
996,netherlands,2009-01-01,2009,1,0.04900000000000001
997,netherlands,2009-04-01,2009,2,0.052333333333333336
998,netherlands,2009-07-01,2009,3,0.055999999999999994
999,netherlands,2009-10-01,2009,4,0.05933333333333333
1000,netherlands,2010-01-01,2010,1,0.062000000000000006
1001,netherlands,2010-04-01,2010,2,0.06133333333333333
1002,netherlands,2010-07-01,2010,3,0.061
1003,netherlands,2010-10-01,2010,4,0.05933333333333333
1004,netherlands,2011-01-01,2011,1,0.057999999999999996
1005,netherlands,2011-04-01,2011,2,0.057666666666666665
1006,netherlands,2011-07-01,2011,3,0.06066666666666667
1007,netherlands,2011-10-01,2011,4,0.065
1008,netherlands,2012-01-01,2012,1,0.06533333333333334
1009,netherlands,2012-04-01,2012,2,0.06733333333333334
1010,netherlands,2012-07-01,2012,3,0.06833333333333334
1011,netherlands,2012-10-01,2012,4,0.07200000000000001
1012,netherlands,2013-01-01,2013,1,0.077
1013,netherlands,2013-04-01,2013,2,0.08133333333333333
1014,netherlands,2013-07-01,2013,3,0.085
1015,netherlands,2013-10-01,2013,4,0.08466666666666667
1016,netherlands,2014-01-01,2014,1,0.08666666666666667
1017,netherlands,2014-04-01,2014,2,0.08466666666666667
1018,netherlands,2014-07-01,2014,3,0.081
1019,netherlands,2014-10-01,2014,4,0.08133333333333333
1020,netherlands,2015-01-01,2015,1,0.08166666666666667
1021,netherlands,2015-04-01,2015,2,0.08
1022,netherlands,2015-07-01,2015,3,0.07733333333333332
1023,netherlands,2015-10-01,2015,4,0.07733333333333332
1024,netherlands,2016-01-01,2016,1,0.07433333333333335
1025,netherlands,2016-04-01,2016,2,0.07233333333333335
1026,netherlands,2016-07-01,2016,3,0.06833333333333334
1027,netherlands,2016-10-01,2016,4,0.06533333333333334
1028,netherlands,2017-01-01,2017,1,0.063
1029,netherlands,2017-04-01,2017,2,0.06066666666666667
1030,netherlands,2017-07-01,2017,3,0.05766666666666667
1031,netherlands,2017-10-01,2017,4,0.05433333333333334
1032,netherlands,2018-01-01,2018,1,0.051
1033,netherlands,2018-04-01,2018,2,0.04900000000000001
1034,netherlands,2018-07-01,2018,3,0.04866666666666667
1035,netherlands,2018-10-01,2018,4,0.04633333333333334
1036,netherlands,2019-01-01,2019,1,0.04466666666666667
1037,netherlands,2019-04-01,2019,2,0.043333333333333335
1038,netherlands,2019-07-01,2019,3,0.04466666666666667
1039,netherlands,2019-10-01,2019,4,0.044333333333333336
1040,portugal,2000-01-01,2000,1,0.05466666666666666
1041,portugal,2000-04-01,2000,2,0.052333333333333336
1042,portugal,2000-07-01,2000,3,0.05333333333333334
1043,portugal,2000-10-01,2000,4,0.05066666666666667
1044,portugal,2001-01-01,2001,1,0.05266666666666667
1045,portugal,2001-04-01,2001,2,0.05400000000000001
1046,portugal,2001-07-01,2001,3,0.05433333333333334
1047,portugal,2001-10-01,2001,4,0.05400000000000001
1048,portugal,2002-01-01,2002,1,0.056333333333333326
1049,portugal,2002-04-01,2002,2,0.06133333333333333
1050,portugal,2002-07-01,2002,3,0.06633333333333334
1051,portugal,2002-10-01,2002,4,0.07466666666666666
1052,portugal,2003-01-01,2003,1,0.07666666666666666
1053,portugal,2003-04-01,2003,2,0.079
1054,portugal,2003-07-01,2003,3,0.078
1055,portugal,2003-10-01,2003,4,0.07866666666666666
1056,portugal,2004-01-01,2004,1,0.07566666666666666
1057,portugal,2004-04-01,2004,2,0.08066666666666666
1058,portugal,2004-07-01,2004,3,0.084
1059,portugal,2004-10-01,2004,4,0.08566666666666667
1060,portugal,2005-01-01,2005,1,0.08833333333333333
1061,portugal,2005-04-01,2005,2,0.09133333333333334
1062,portugal,2005-07-01,2005,3,0.09466666666666668
1063,portugal,2005-10-01,2005,4,0.09433333333333334
1064,portugal,2006-01-01,2006,1,0.09133333333333334
1065,portugal,2006-04-01,2006,2,0.09100000000000001
1066,portugal,2006-07-01,2006,3,0.09333333333333334
1067,portugal,2006-10-01,2006,4,0.09699999999999999
1068,portugal,2007-01-01,2007,1,0.09733333333333333
1069,portugal,2007-04-01,2007,2,0.09766666666666668
1070,portugal,2007-07-01,2007,3,0.09533333333333334
1071,portugal,2007-10-01,2007,4,0.09300000000000001
1072,portugal,2008-01-01,2008,1,0.08966666666666667
1073,portugal,2008-04-01,2008,2,0.09133333333333334
1074,portugal,2008-07-01,2008,3,0.09333333333333334
1075,portugal,2008-10-01,2008,4,0.09500000000000001
1076,portugal,2009-01-01,2009,1,0.10266666666666667
1077,portugal,2009-04-01,2009,2,0.11033333333333334
1078,portugal,2009-07-01,2009,3,0.11766666666666666
1079,portugal,2009-10-01,2009,4,0.11866666666666668
1080,portugal,2010-01-01,2010,1,0.12033333333333333
1081,portugal,2010-04-01,2010,2,0.127
1082,portugal,2010-07-01,2010,3,0.12866666666666668
1083,portugal,2010-10-01,2010,4,0.12733333333333333
1084,portugal,2011-01-01,2011,1,0.129
1085,portugal,2011-04-01,2011,2,0.13066666666666668
1086,portugal,2011-07-01,2011,3,0.135
1087,portugal,2011-10-01,2011,4,0.14633333333333332
1088,portugal,2012-01-01,2012,1,0.154
1089,portugal,2012-04-01,2012,2,0.16233333333333333
1090,portugal,2012-07-01,2012,3,0.169
1091,portugal,2012-10-01,2012,4,0.17833333333333334
1092,portugal,2013-01-01,2013,1,0.18100000000000002
1093,portugal,2013-04-01,2013,2,0.17700000000000002
1094,portugal,2013-07-01,2013,3,0.169
1095,portugal,2013-10-01,2013,4,0.16
1096,portugal,2014-01-01,2014,1,0.15366666666666665
1097,portugal,2014-04-01,2014,2,0.15
1098,portugal,2014-07-01,2014,3,0.14233333333333334
1099,portugal,2014-10-01,2014,4,0.1396666666666667
1100,portugal,2015-01-01,2015,1,0.1386666666666667
1101,portugal,2015-04-01,2015,2,0.129
1102,portugal,2015-07-01,2015,3,0.12733333333333333
1103,portugal,2015-10-01,2015,4,0.12633333333333333
1104,portugal,2016-01-01,2016,1,0.12333333333333335
1105,portugal,2016-04-01,2016,2,0.11633333333333333
1106,portugal,2016-07-01,2016,3,0.11199999999999999
1107,portugal,2016-10-01,2016,4,0.10666666666666667
1108,portugal,2017-01-01,2017,1,0.10133333333333333
1109,portugal,2017-04-01,2017,2,0.09533333333333333
1110,portugal,2017-07-01,2017,3,0.08933333333333333
1111,portugal,2017-10-01,2017,4,0.083
1112,portugal,2018-01-01,2018,1,0.078
1113,portugal,2018-04-01,2018,2,0.07166666666666667
1114,portugal,2018-07-01,2018,3,0.06933333333333334
1115,portugal,2018-10-01,2018,4,0.06766666666666667
1116,portugal,2019-01-01,2019,1,0.06666666666666667
1117,portugal,2019-04-01,2019,2,0.067
1118,portugal,2019-07-01,2019,3,0.06566666666666666
1119,portugal,2019-10-01,2019,4,0.06766666666666667
1120,romania,2000-01-01,2000,1,0.07366666666666667
1121,romania,2000-04-01,2000,2,0.076
1122,romania,2000-07-01,2000,3,0.07733333333333332
1123,romania,2000-10-01,2000,4,0.077
1124,romania,2001-01-01,2001,1,0.074
1125,romania,2001-04-01,2001,2,0.07200000000000001
1126,romania,2001-07-01,2001,3,0.07300000000000001
1127,romania,2001-10-01,2001,4,0.07766666666666666
1128,romania,2002-01-01,2002,1,0.08533333333333333
1129,romania,2002-04-01,2002,2,0.08733333333333333
1130,romania,2002-07-01,2002,3,0.08466666666666667
1131,romania,2002-10-01,2002,4,0.07633333333333332
1132,romania,2003-01-01,2003,1,0.07633333333333332
1133,romania,2003-04-01,2003,2,0.07733333333333332
1134,romania,2003-07-01,2003,3,0.07633333333333332
1135,romania,2003-10-01,2003,4,0.081
1136,romania,2004-01-01,2004,1,0.07966666666666666
1137,romania,2004-04-01,2004,2,0.07833333333333332
1138,romania,2004-07-01,2004,3,0.08033333333333333
1139,romania,2004-10-01,2004,4,0.07966666666666666
1140,romania,2005-01-01,2005,1,0.07866666666666666
1141,romania,2005-04-01,2005,2,0.07300000000000001
1142,romania,2005-07-01,2005,3,0.066
1143,romania,2005-10-01,2005,4,0.06733333333333334
1144,romania,2006-01-01,2006,1,0.07066666666666667
1145,romania,2006-04-01,2006,2,0.06966666666666667
1146,romania,2006-07-01,2006,3,0.07466666666666666
1147,romania,2006-10-01,2006,4,0.07100000000000001
1148,romania,2007-01-01,2007,1,0.06533333333333334
1149,romania,2007-04-01,2007,2,0.066
1150,romania,2007-07-01,2007,3,0.06266666666666666
1151,romania,2007-10-01,2007,4,0.06
1152,romania,2008-01-01,2008,1,0.05566666666666666
1153,romania,2008-04-01,2008,2,0.05633333333333334
1154,romania,2008-07-01,2008,3,0.055
1155,romania,2008-10-01,2008,4,0.056666666666666664
1156,romania,2009-01-01,2009,1,0.07966666666666666
1157,romania,2009-04-01,2009,2,0.08066666666666666
1158,romania,2009-07-01,2009,3,0.08533333333333333
1159,romania,2009-10-01,2009,4,0.09100000000000001
1160,romania,2010-01-01,2010,1,0.09400000000000001
1161,romania,2010-04-01,2010,2,0.08900000000000001
1162,romania,2010-07-01,2010,3,0.08833333333333333
1163,romania,2010-10-01,2010,4,0.08900000000000001
1164,romania,2011-01-01,2011,1,0.08933333333333333
1165,romania,2011-04-01,2011,2,0.09066666666666667
1166,romania,2011-07-01,2011,3,0.09100000000000001
1167,romania,2011-10-01,2011,4,0.09300000000000001
1168,romania,2012-01-01,2012,1,0.08900000000000001
1169,romania,2012-04-01,2012,2,0.08666666666666667
1170,romania,2012-07-01,2012,3,0.08633333333333333
1171,romania,2012-10-01,2012,4,0.08633333333333333
1172,romania,2013-01-01,2013,1,0.08900000000000001
1173,romania,2013-04-01,2013,2,0.09300000000000001
1174,romania,2013-07-01,2013,3,0.08833333333333333
1175,romania,2013-10-01,2013,4,0.09000000000000001
1176,romania,2014-01-01,2014,1,0.08700000000000001
1177,romania,2014-04-01,2014,2,0.08566666666666667
1178,romania,2014-07-01,2014,3,0.085
1179,romania,2014-10-01,2014,4,0.08566666666666667
1180,romania,2015-01-01,2015,1,0.08566666666666667
1181,romania,2015-04-01,2015,2,0.085
1182,romania,2015-07-01,2015,3,0.08366666666666667
1183,romania,2015-10-01,2015,4,0.08133333333333333
1184,romania,2016-01-01,2016,1,0.07666666666666666
1185,romania,2016-04-01,2016,2,0.07333333333333335
1186,romania,2016-07-01,2016,3,0.07133333333333335
1187,romania,2016-10-01,2016,4,0.066
1188,romania,2017-01-01,2017,1,0.06366666666666666
1189,romania,2017-04-01,2017,2,0.062
1190,romania,2017-07-01,2017,3,0.06033333333333333
1191,romania,2017-10-01,2017,4,0.057999999999999996
1192,romania,2018-01-01,2018,1,0.055999999999999994
1193,romania,2018-04-01,2018,2,0.053
1194,romania,2018-07-01,2018,3,0.049999999999999996
1195,romania,2018-10-01,2018,4,0.051333333333333335
1196,romania,2019-01-01,2019,1,0.049666666666666665
1197,romania,2019-04-01,2019,2,0.04900000000000001
1198,romania,2019-07-01,2019,3,0.04833333333333334
1199,romania,2019-10-01,2019,4,0.04833333333333334
1200,slovakia,2000-01-01,2000,1,0.18500000000000003
1201,slovakia,2000-04-01,2000,2,0.19166666666666665
1202,slovakia,2000-07-01,2000,3,0.18966666666666668
1203,slovakia,2000-10-01,2000,4,0.18966666666666668
1204,slovakia,2001-01-01,2001,1,0.19366666666666665
1205,slovakia,2001-04-01,2001,2,0.19533333333333336
1206,slovakia,2001-07-01,2001,3,0.19466666666666665
1207,slovakia,2001-10-01,2001,4,0.19466666666666668
1208,slovakia,2002-01-01,2002,1,0.19000000000000003
1209,slovakia,2002-04-01,2002,2,0.18933333333333335
1210,slovakia,2002-07-01,2002,3,0.18766666666666665
1211,slovakia,2002-10-01,2002,4,0.18600000000000003
1212,slovakia,2003-01-01,2003,1,0.18000000000000002
1213,slovakia,2003-04-01,2003,2,0.17333333333333334
1214,slovakia,2003-07-01,2003,3,0.17500000000000002
1215,slovakia,2003-10-01,2003,4,0.17966666666666667
1216,slovakia,2004-01-01,2004,1,0.18899999999999997
1217,slovakia,2004-04-01,2004,2,0.18800000000000003
1218,slovakia,2004-07-01,2004,3,0.18033333333333332
1219,slovakia,2004-10-01,2004,4,0.17700000000000002
1220,slovakia,2005-01-01,2005,1,0.17133333333333334
1221,slovakia,2005-04-01,2005,2,0.16533333333333333
1222,slovakia,2005-07-01,2005,3,0.16066666666666665
1223,slovakia,2005-10-01,2005,4,0.157
1224,slovakia,2006-01-01,2006,1,0.14633333333333334
1225,slovakia,2006-04-01,2006,2,0.137
1226,slovakia,2006-07-01,2006,3,0.13066666666666668
1227,slovakia,2006-10-01,2006,4,0.12366666666666666
1228,slovakia,2007-01-01,2007,1,0.11433333333333333
1229,slovakia,2007-04-01,2007,2,0.11333333333333334
1230,slovakia,2007-07-01,2007,3,0.11433333333333334
1231,slovakia,2007-10-01,2007,4,0.10666666666666667
1232,slovakia,2008-01-01,2008,1,0.103
1233,slovakia,2008-04-01,2008,2,0.10099999999999999
1234,slovakia,2008-07-01,2008,3,0.09066666666666667
1235,slovakia,2008-10-01,2008,4,0.08900000000000001
1236,slovakia,2009-01-01,2009,1,0.10333333333333335
1237,slovakia,2009-04-01,2009,2,0.11599999999999999
1238,slovakia,2009-07-01,2009,3,0.12666666666666668
1239,slovakia,2009-10-01,2009,4,0.138
1240,slovakia,2010-01-01,2010,1,0.149
1241,slovakia,2010-04-01,2010,2,0.14666666666666667
1242,slovakia,2010-07-01,2010,3,0.14233333333333334
1243,slovakia,2010-10-01,2010,4,0.1386666666666667
1244,slovakia,2011-01-01,2011,1,0.13733333333333334
1245,slovakia,2011-04-01,2011,2,0.13533333333333333
1246,slovakia,2011-07-01,2011,3,0.13366666666666668
1247,slovakia,2011-10-01,2011,4,0.1376666666666667
1248,slovakia,2012-01-01,2012,1,0.138
1249,slovakia,2012-04-01,2012,2,0.138
1250,slovakia,2012-07-01,2012,3,0.13833333333333334
1251,slovakia,2012-10-01,2012,4,0.1416666666666667
1252,slovakia,2013-01-01,2013,1,0.14300000000000002
1253,slovakia,2013-04-01,2013,2,0.14300000000000002
1254,slovakia,2013-07-01,2013,3,0.14033333333333334
1255,slovakia,2013-10-01,2013,4,0.1396666666666667
1256,slovakia,2014-01-01,2014,1,0.1376666666666667
1257,slovakia,2014-04-01,2014,2,0.13366666666666668
1258,slovakia,2014-07-01,2014,3,0.12866666666666668
1259,slovakia,2014-10-01,2014,4,0.12466666666666666
1260,slovakia,2015-01-01,2015,1,0.121
1261,slovakia,2015-04-01,2015,2,0.11566666666666665
1262,slovakia,2015-07-01,2015,3,0.11299999999999999
1263,slovakia,2015-10-01,2015,4,0.10866666666666668
1264,slovakia,2016-01-01,2016,1,0.10266666666666667
1265,slovakia,2016-04-01,2016,2,0.09833333333333333
1266,slovakia,2016-07-01,2016,3,0.09500000000000001
1267,slovakia,2016-10-01,2016,4,0.09000000000000001
1268,slovakia,2017-01-01,2017,1,0.085
1269,slovakia,2017-04-01,2017,2,0.08233333333333333
1270,slovakia,2017-07-01,2017,3,0.07833333333333332
1271,slovakia,2017-10-01,2017,4,0.07666666666666666
1272,slovakia,2018-01-01,2018,1,0.07033333333333334
1273,slovakia,2018-04-01,2018,2,0.067
1274,slovakia,2018-07-01,2018,3,0.063
1275,slovakia,2018-10-01,2018,4,0.06033333333333333
1276,slovakia,2019-01-01,2019,1,0.057666666666666665
1277,slovakia,2019-04-01,2019,2,0.056666666666666664
1278,slovakia,2019-07-01,2019,3,0.057333333333333326
1279,slovakia,2019-10-01,2019,4,0.057333333333333326
1280,spain,2000-01-01,2000,1,0.12466666666666666
1281,spain,2000-04-01,2000,2,0.11933333333333333
1282,spain,2000-07-01,2000,3,0.118
1283,spain,2000-10-01,2000,4,0.11466666666666665
1284,spain,2001-01-01,2001,1,0.10666666666666667
1285,spain,2001-04-01,2001,2,0.105
1286,spain,2001-07-01,2001,3,0.10533333333333333
1287,spain,2001-10-01,2001,4,0.106
1288,spain,2002-01-01,2002,1,0.11266666666666665
1289,spain,2002-04-01,2002,2,0.11266666666666665
1290,spain,2002-07-01,2002,3,0.11733333333333333
1291,spain,2002-10-01,2002,4,0.11599999999999999
1292,spain,2003-01-01,2003,1,0.11666666666666665
1293,spain,2003-04-01,2003,2,0.114
1294,spain,2003-07-01,2003,3,0.11533333333333333
1295,spain,2003-10-01,2003,4,0.11366666666666668
1296,spain,2004-01-01,2004,1,0.11199999999999999
1297,spain,2004-04-01,2004,2,0.11199999999999999
1298,spain,2004-07-01,2004,3,0.10966666666666668
1299,spain,2004-10-01,2004,4,0.10533333333333333
1300,spain,2005-01-01,2005,1,0.09899999999999999
1301,spain,2005-04-01,2005,2,0.09399999999999999
1302,spain,2005-07-01,2005,3,0.08633333333333333
1303,spain,2005-10-01,2005,4,0.08700000000000001
1304,spain,2006-01-01,2006,1,0.08733333333333333
1305,spain,2006-04-01,2006,2,0.085
1306,spain,2006-07-01,2006,3,0.08266666666666667
1307,spain,2006-10-01,2006,4,0.08266666666666667
1308,spain,2007-01-01,2007,1,0.082
1309,spain,2007-04-01,2007,2,0.07966666666666666
1310,spain,2007-07-01,2007,3,0.08233333333333333
1311,spain,2007-10-01,2007,4,0.08600000000000001
1312,spain,2008-01-01,2008,1,0.09300000000000001
1313,spain,2008-04-01,2008,2,0.10400000000000002
1314,spain,2008-07-01,2008,3,0.11533333333333333
1315,spain,2008-10-01,2008,4,0.13833333333333334
1316,spain,2009-01-01,2009,1,0.16733333333333333
1317,spain,2009-04-01,2009,2,0.17866666666666667
1318,spain,2009-07-01,2009,3,0.18200000000000002
1319,spain,2009-10-01,2009,4,0.18733333333333335
1320,spain,2010-01-01,2010,1,0.19233333333333333
1321,spain,2010-04-01,2010,2,0.19966666666666666
1322,spain,2010-07-01,2010,3,0.19999999999999998
1323,spain,2010-10-01,2010,4,0.20233333333333334
1324,spain,2011-01-01,2011,1,0.205
1325,spain,2011-04-01,2011,2,0.20766666666666667
1326,spain,2011-07-01,2011,3,0.21733333333333335
1327,spain,2011-10-01,2011,4,0.2263333333333333
1328,spain,2012-01-01,2012,1,0.236
1329,spain,2012-04-01,2012,2,0.245
1330,spain,2012-07-01,2012,3,0.252
1331,spain,2012-10-01,2012,4,0.25866666666666666
1332,spain,2013-01-01,2013,1,0.26333333333333336
1333,spain,2013-04-01,2013,2,0.262
1334,spain,2013-07-01,2013,3,0.26066666666666666
1335,spain,2013-10-01,2013,4,0.25833333333333336
1336,spain,2014-01-01,2014,1,0.253
1337,spain,2014-04-01,2014,2,0.2456666666666667
1338,spain,2014-07-01,2014,3,0.24133333333333332
1339,spain,2014-10-01,2014,4,0.238
1340,spain,2015-01-01,2015,1,0.23166666666666666
1341,spain,2015-04-01,2015,2,0.22466666666666668
1342,spain,2015-07-01,2015,3,0.21633333333333335
1343,spain,2015-10-01,2015,4,0.20966666666666667
1344,spain,2016-01-01,2016,1,0.20433333333333334
1345,spain,2016-04-01,2016,2,0.20099999999999998
1346,spain,2016-07-01,2016,3,0.19300000000000003
1347,spain,2016-10-01,2016,4,0.18733333333333335
1348,spain,2017-01-01,2017,1,0.18200000000000002
1349,spain,2017-04-01,2017,2,0.17366666666666666
1350,spain,2017-07-01,2017,3,0.16733333333333333
1351,spain,2017-10-01,2017,4,0.16666666666666666
1352,spain,2018-01-01,2018,1,0.162
1353,spain,2018-04-01,2018,2,0.15466666666666665
1354,spain,2018-07-01,2018,3,0.14833333333333334
1355,spain,2018-10-01,2018,4,0.14566666666666667
1356,spain,2019-01-01,2019,1,0.14233333333333334
1357,spain,2019-04-01,2019,2,0.142
1358,spain,2019-07-01,2019,3,0.141
1359,spain,2019-10-01,2019,4,0.1386666666666667
1360,switzerland,2000-01-01,2000,1,0.08199999999999999
1361,switzerland,2000-04-01,2000,2,0.08199999999999999
1362,switzerland,2000-07-01,2000,3,0.08199999999999999
1363,switzerland,2000-10-01,2000,4,0.08199999999999999
1364,switzerland,2001-01-01,2001,1,0.08199999999999999
1365,switzerland,2001-04-01,2001,2,0.08199999999999999
1366,switzerland,2001-07-01,2001,3,0.08199999999999999
1367,switzerland,2001-10-01,2001,4,0.08199999999999999
1368,switzerland,2002-01-01,2002,1,0.08199999999999999
1369,switzerland,2002-04-01,2002,2,0.08199999999999999
1370,switzerland,2002-07-01,2002,3,0.08199999999999999
1371,switzerland,2002-10-01,2002,4,0.08199999999999999
1372,switzerland,2003-01-01,2003,1,0.08199999999999999
1373,switzerland,2003-04-01,2003,2,0.08199999999999999
1374,switzerland,2003-07-01,2003,3,0.08199999999999999
1375,switzerland,2003-10-01,2003,4,0.08199999999999999
1376,switzerland,2004-01-01,2004,1,0.08199999999999999
1377,switzerland,2004-04-01,2004,2,0.08199999999999999
1378,switzerland,2004-07-01,2004,3,0.08199999999999999
1379,switzerland,2004-10-01,2004,4,0.08199999999999999
1380,switzerland,2005-01-01,2005,1,0.08199999999999999
1381,switzerland,2005-04-01,2005,2,0.08199999999999999
1382,switzerland,2005-07-01,2005,3,0.08199999999999999
1383,switzerland,2005-10-01,2005,4,0.08199999999999999
1384,switzerland,2006-01-01,2006,1,0.08199999999999999
1385,switzerland,2006-04-01,2006,2,0.08199999999999999
1386,switzerland,2006-07-01,2006,3,0.08199999999999999
1387,switzerland,2006-10-01,2006,4,0.08199999999999999
1388,switzerland,2007-01-01,2007,1,0.08199999999999999
1389,switzerland,2007-04-01,2007,2,0.08199999999999999
1390,switzerland,2007-07-01,2007,3,0.08199999999999999
1391,switzerland,2007-10-01,2007,4,0.08199999999999999
1392,switzerland,2008-01-01,2008,1,0.08199999999999999
1393,switzerland,2008-04-01,2008,2,0.08199999999999999
1394,switzerland,2008-07-01,2008,3,0.08199999999999999
1395,switzerland,2008-10-01,2008,4,0.08199999999999999
1396,switzerland,2009-01-01,2009,1,0.08199999999999999
1397,switzerland,2009-04-01,2009,2,0.08199999999999999
1398,switzerland,2009-07-01,2009,3,0.08199999999999999
1399,switzerland,2009-10-01,2009,4,0.08199999999999999
1400,switzerland,2010-01-01,2010,1,0.051
1401,switzerland,2010-04-01,2010,2,0.04933333333333334
1402,switzerland,2010-07-01,2010,3,0.04766666666666667
1403,switzerland,2010-10-01,2010,4,0.04466666666666667
1404,switzerland,2011-01-01,2011,1,0.044000000000000004
1405,switzerland,2011-04-01,2011,2,0.042333333333333334
1406,switzerland,2011-07-01,2011,3,0.044333333333333336
1407,switzerland,2011-10-01,2011,4,0.046000000000000006
1408,switzerland,2012-01-01,2012,1,0.042666666666666665
1409,switzerland,2012-04-01,2012,2,0.043666666666666666
1410,switzerland,2012-07-01,2012,3,0.045000000000000005
1411,switzerland,2012-10-01,2012,4,0.04866666666666667
1412,switzerland,2013-01-01,2013,1,0.04800000000000001
1413,switzerland,2013-04-01,2013,2,0.04800000000000001
1414,switzerland,2013-07-01,2013,3,0.04700000000000001
1415,switzerland,2013-10-01,2013,4,0.04633333333333334
1416,switzerland,2014-01-01,2014,1,0.04966666666666667
1417,switzerland,2014-04-01,2014,2,0.04933333333333334
1418,switzerland,2014-07-01,2014,3,0.04866666666666667
1419,switzerland,2014-10-01,2014,4,0.045000000000000005
1420,switzerland,2015-01-01,2015,1,0.044333333333333336
1421,switzerland,2015-04-01,2015,2,0.04700000000000001
1422,switzerland,2015-07-01,2015,3,0.049999999999999996
1423,switzerland,2015-10-01,2015,4,0.051
1424,switzerland,2016-01-01,2016,1,0.05000000000000001
1425,switzerland,2016-04-01,2016,2,0.04900000000000001
1426,switzerland,2016-07-01,2016,3,0.04966666666666667
1427,switzerland,2016-10-01,2016,4,0.04800000000000001
1428,switzerland,2017-01-01,2017,1,0.04933333333333334
1429,switzerland,2017-04-01,2017,2,0.04666666666666667
1430,switzerland,2017-07-01,2017,3,0.04833333333333334
1431,switzerland,2017-10-01,2017,4,0.04766666666666667
1432,switzerland,2018-01-01,2018,1,0.04900000000000001
1433,switzerland,2018-04-01,2018,2,0.04866666666666667
1434,switzerland,2018-07-01,2018,3,0.042666666666666665
1435,switzerland,2018-10-01,2018,4,0.04800000000000001
1436,switzerland,2019-01-01,2019,1,0.04633333333333334
1437,switzerland,2019-04-01,2019,2,0.044333333333333336
1438,switzerland,2019-07-01,2019,3,0.044333333333333336
1439,switzerland,2019-10-01,2019,4,0.04066666666666666
1440,united_kingdom,2000-01-01,2000,1,0.056666666666666664
1441,united_kingdom,2000-04-01,2000,2,0.05466666666666666
1442,united_kingdom,2000-07-01,2000,3,0.05266666666666667
1443,united_kingdom,2000-10-01,2000,4,0.051333333333333335
1444,united_kingdom,2001-01-01,2001,1,0.049666666666666665
1445,united_kingdom,2001-04-01,2001,2,0.04866666666666667
1446,united_kingdom,2001-07-01,2001,3,0.050333333333333334
1447,united_kingdom,2001-10-01,2001,4,0.050666666666666665
1448,united_kingdom,2002-01-01,2002,1,0.051
1449,united_kingdom,2002-04-01,2002,2,0.051333333333333335
1450,united_kingdom,2002-07-01,2002,3,0.05200000000000001
1451,united_kingdom,2002-10-01,2002,4,0.050666666666666665
1452,united_kingdom,2003-01-01,2003,1,0.050666666666666665
1453,united_kingdom,2003-04-01,2003,2,0.04933333333333334
1454,united_kingdom,2003-07-01,2003,3,0.04966666666666667
1455,united_kingdom,2003-10-01,2003,4,0.04866666666666667
1456,united_kingdom,2004-01-01,2004,1,0.04700000000000001
1457,united_kingdom,2004-04-01,2004,2,0.04700000000000001
1458,united_kingdom,2004-07-01,2004,3,0.046000000000000006
1459,united_kingdom,2004-10-01,2004,4,0.04700000000000001
1460,united_kingdom,2005-01-01,2005,1,0.04633333333333334
1461,united_kingdom,2005-04-01,2005,2,0.04666666666666667
1462,united_kingdom,2005-07-01,2005,3,0.04700000000000001
1463,united_kingdom,2005-10-01,2005,4,0.051
1464,united_kingdom,2006-01-01,2006,1,0.052
1465,united_kingdom,2006-04-01,2006,2,0.05400000000000001
1466,united_kingdom,2006-07-01,2006,3,0.05400000000000001
1467,united_kingdom,2006-10-01,2006,4,0.05400000000000001
1468,united_kingdom,2007-01-01,2007,1,0.055
1469,united_kingdom,2007-04-01,2007,2,0.053
1470,united_kingdom,2007-07-01,2007,3,0.05266666666666667
1471,united_kingdom,2007-10-01,2007,4,0.050333333333333334
1472,united_kingdom,2008-01-01,2008,1,0.051333333333333335
1473,united_kingdom,2008-04-01,2008,2,0.05266666666666667
1474,united_kingdom,2008-07-01,2008,3,0.057999999999999996
1475,united_kingdom,2008-10-01,2008,4,0.063
1476,united_kingdom,2009-01-01,2009,1,0.07033333333333333
1477,united_kingdom,2009-04-01,2009,2,0.07733333333333332
1478,united_kingdom,2009-07-01,2009,3,0.07766666666666666
1479,united_kingdom,2009-10-01,2009,4,0.077
1480,united_kingdom,2010-01-01,2010,1,0.07933333333333333
1481,united_kingdom,2010-04-01,2010,2,0.078
1482,united_kingdom,2010-07-01,2010,3,0.07633333333333332
1483,united_kingdom,2010-10-01,2010,4,0.07833333333333332
1484,united_kingdom,2011-01-01,2011,1,0.07733333333333332
1485,united_kingdom,2011-04-01,2011,2,0.07966666666666666
1486,united_kingdom,2011-07-01,2011,3,0.082
1487,united_kingdom,2011-10-01,2011,4,0.08366666666666667
1488,united_kingdom,2012-01-01,2012,1,0.08199999999999999
1489,united_kingdom,2012-04-01,2012,2,0.07933333333333333
1490,united_kingdom,2012-07-01,2012,3,0.07733333333333332
1491,united_kingdom,2012-10-01,2012,4,0.078
1492,united_kingdom,2013-01-01,2013,1,0.078
1493,united_kingdom,2013-04-01,2013,2,0.07766666666666666
1494,united_kingdom,2013-07-01,2013,3,0.07533333333333332
1495,united_kingdom,2013-10-01,2013,4,0.07133333333333333
1496,united_kingdom,2014-01-01,2014,1,0.067
1497,united_kingdom,2014-04-01,2014,2,0.06266666666666666
1498,united_kingdom,2014-07-01,2014,3,0.05933333333333333
1499,united_kingdom,2014-10-01,2014,4,0.056666666666666664
1500,united_kingdom,2015-01-01,2015,1,0.05466666666666667
1501,united_kingdom,2015-04-01,2015,2,0.05566666666666666
1502,united_kingdom,2015-07-01,2015,3,0.053
1503,united_kingdom,2015-10-01,2015,4,0.05000000000000001
1504,united_kingdom,2016-01-01,2016,1,0.04966666666666667
1505,united_kingdom,2016-04-01,2016,2,0.04900000000000001
1506,united_kingdom,2016-07-01,2016,3,0.04766666666666667
1507,united_kingdom,2016-10-01,2016,4,0.04666666666666667
1508,united_kingdom,2017-01-01,2017,1,0.04533333333333334
1509,united_kingdom,2017-04-01,2017,2,0.043666666666666666
1510,united_kingdom,2017-07-01,2017,3,0.042333333333333334
1511,united_kingdom,2017-10-01,2017,4,0.042333333333333334
1512,united_kingdom,2018-01-01,2018,1,0.042
1513,united_kingdom,2018-04-01,2018,2,0.03966666666666666
1514,united_kingdom,2018-07-01,2018,3,0.04
1515,united_kingdom,2018-10-01,2018,4,0.039
1516,united_kingdom,2019-01-01,2019,1,0.037333333333333336
1517,united_kingdom,2019-04-01,2019,2,0.03766666666666667
1518,united_kingdom,2019-07-01,2019,3,0.03766666666666667
1519,united_kingdom,2019-10-01,2019,4,0.037000000000000005
