,country,date,co2_q
0,austria,2000-01,26394179.718000002
1,austria,2000-04,17164335.284
2,austria,2000-07,15404068.998
3,austria,2000-12,23024213.042
4,austria,2001-01,26736837.047
5,austria,2001-04,18678499.542
6,austria,2001-07,16157704.026999999
7,austria,2001-12,26304385.305
8,austria,2002-01,27176544.32
9,austria,2002-04,19101145.735
10,austria,2002-07,16719647.473000001
11,austria,2002-12,25423353.844
12,austria,2003-01,29303585.04
13,austria,2003-04,19599304.063
14,austria,2003-07,17927153.889
15,austria,2003-12,27256575.919
16,austria,2004-01,29548160.156
17,austria,2004-04,21235836.087
18,austria,2004-07,18086516.728
19,austria,2004-12,26643379.908
20,austria,2005-01,30486604.834
21,austria,2005-04,21412724.244
22,austria,2005-07,18753428.898000002
23,austria,2005-12,28268733.561
24,austria,2006-01,31748388.439999998
25,austria,2006-04,21440509.636
26,austria,2006-07,19047372.511
27,austria,2006-12,26893651.884999998
28,austria,2007-01,28506447.346
29,austria,2007-04,21028137.813
30,austria,2007-07,19781920.72
31,austria,2007-12,28964490.781000003
32,austria,2008-01,29712716.655
33,austria,2008-04,21494149.663000003
34,austria,2008-07,19727416.824
35,austria,2008-12,27871629.044999998
36,austria,2009-01,28728455.031
37,austria,2009-04,19780030.197
38,austria,2009-07,17601989.992
39,austria,2009-12,26768170.472000003
40,austria,2010-01,30343033.542
41,austria,2010-04,22062268.887000002
42,austria,2010-07,19671855.762
43,austria,2010-12,28902494.318
44,austria,2011-01,30385030.622
45,austria,2011-04,21986282.633
46,austria,2011-07,18871675.463
47,austria,2011-12,27559613.916
48,austria,2012-01,29514020.145000003
49,austria,2012-04,21072046.020999998
50,austria,2012-07,18561902.375
51,austria,2012-12,27652379.379
52,austria,2013-01,30267348.723
53,austria,2013-04,21534237.586
54,austria,2013-07,18846537.15
55,austria,2013-12,26904781.185000002
56,austria,2014-01,27202956.327
57,austria,2014-04,21151161.634999998
58,austria,2014-07,18721280.12
59,austria,2014-12,26350993.357
60,austria,2015-01,28516186.276999995
61,austria,2015-04,20979864.242
62,austria,2015-07,18872223.310000002
63,austria,2015-12,26999035.341
64,austria,2016-01,28278271.038000003
65,austria,2016-04,21345055.141999997
66,austria,2016-07,18373118.631
67,austria,2016-12,28414735.266
68,austria,2017-01,29148716.851
69,austria,2017-04,22263478.064999998
70,austria,2017-07,20000965.732
71,austria,2017-12,27264171.311
72,austria,2018-01,28802073.599
73,austria,2018-04,20678434.108
74,austria,2018-07,18612684.064
75,austria,2018-12,26399543.136
76,austria,2019-01,29311300.502
77,austria,2019-04,21104866.706
78,austria,2019-07,19124450.395999998
79,austria,2019-12,26720135.002
80,belgium,2000-01,39052229.15
81,belgium,2000-04,29230109.882
82,belgium,2000-07,25539225.522
83,belgium,2000-12,34727347.35
84,belgium,2001-01,37879464.9
85,belgium,2001-04,29675295.218
86,belgium,2001-07,26968825.213
87,belgium,2001-12,35342801.622
88,belgium,2002-01,35103513.160000004
89,belgium,2002-04,28522418.683
90,belgium,2002-07,24745674.018999998
91,belgium,2002-12,34134957.99
92,belgium,2003-01,37892070.1
93,belgium,2003-04,28808698.309
94,belgium,2003-07,25780680.597999997
95,belgium,2003-12,35638804.04
96,belgium,2004-01,37619820.29
97,belgium,2004-04,29006813.064
98,belgium,2004-07,25595340.855
99,belgium,2004-12,35349634.11
100,belgium,2005-01,37174010.17
101,belgium,2005-04,28106611.016000003
102,belgium,2005-07,24849449.419
103,belgium,2005-12,34009111.263
104,belgium,2006-01,38687125.72
105,belgium,2006-04,27424603.449
106,belgium,2006-07,24892455.61
107,belgium,2006-12,32207954.154
108,belgium,2007-01,34181557.620000005
109,belgium,2007-04,26827967.945
110,belgium,2007-07,24744341.274
111,belgium,2007-12,34533129.010000005
112,belgium,2008-01,35154776.83
113,belgium,2008-04,27877335.659
114,belgium,2008-07,25690844.247
115,belgium,2008-12,34542146.39
116,belgium,2009-01,34524871.05
117,belgium,2009-04,25451251.826
118,belgium,2009-07,24208797.64
119,belgium,2009-12,32291144.047
120,belgium,2010-01,37607893.93
121,belgium,2010-04,28848759.26
122,belgium,2010-07,25581358.097
123,belgium,2010-12,35291912.07
124,belgium,2011-01,34915975.67
125,belgium,2011-04,25931208.301999997
126,belgium,2011-07,23867489.248
127,belgium,2011-12,31900871.531999998
128,belgium,2012-01,34550460.16
129,belgium,2012-04,26423941.778
130,belgium,2012-07,23792600.213999998
131,belgium,2012-12,31644172.005999997
132,belgium,2013-01,37352509.08
133,belgium,2013-04,27314958.477
134,belgium,2013-07,23075291.405
135,belgium,2013-12,30552968.639
136,belgium,2014-01,31172825.61
137,belgium,2014-04,25057076.369000003
138,belgium,2014-07,23170500.018999998
139,belgium,2014-12,31119938.763
140,belgium,2015-01,34746744.45
141,belgium,2015-04,26123192.199
142,belgium,2015-07,24088836.518
143,belgium,2015-12,30606233.759999998
144,belgium,2016-01,33204393.82
145,belgium,2016-04,25736099.584
146,belgium,2016-07,23052903.552
147,belgium,2016-12,33243522.799999997
148,belgium,2017-01,33460145.049999997
149,belgium,2017-04,25995235.063
150,belgium,2017-07,23009559.509999998
151,belgium,2017-12,31571302.891
152,belgium,2018-01,33586602.28
153,belgium,2018-04,26174949.471
154,belgium,2018-07,23030331.057
155,belgium,2018-12,31706119.455000002
156,belgium,2019-01,33245370.020000003
157,belgium,2019-04,25934612.73
158,belgium,2019-07,22959192.167
159,belgium,2019-12,31439738.436
160,bulgaria,2000-01,13823243.697
161,bulgaria,2000-04,11941594.009
162,bulgaria,2000-07,12084038.609000001
163,bulgaria,2000-12,13092740.607
164,bulgaria,2001-01,13451597.098000001
165,bulgaria,2001-04,12530378.667
166,bulgaria,2001-07,12754406.761
167,bulgaria,2001-12,14488397.651999999
168,bulgaria,2002-01,13401085.012
169,bulgaria,2002-04,12033273.216
170,bulgaria,2002-07,11938571.664
171,bulgaria,2002-12,13535140.872000001
172,bulgaria,2003-01,14858596.171
173,bulgaria,2003-04,13396555.791000001
174,bulgaria,2003-07,13806211.428
175,bulgaria,2003-12,14390752.793000001
176,bulgaria,2004-01,14746540.175
177,bulgaria,2004-04,12985657.307
178,bulgaria,2004-07,12873684.249000002
179,bulgaria,2004-12,14444010.767
180,bulgaria,2005-01,14875998.996
181,bulgaria,2005-04,13116648.890999999
182,bulgaria,2005-07,13377712.546
183,bulgaria,2005-12,14515321.748
184,bulgaria,2006-01,15341870.511
185,bulgaria,2006-04,13441964.29
186,bulgaria,2006-07,13764942.932
187,bulgaria,2006-12,14613152.091
188,bulgaria,2007-01,15378937.289
189,bulgaria,2007-04,14158509.8
190,bulgaria,2007-07,14429339.434
191,bulgaria,2007-12,16452750.543000001
192,bulgaria,2008-01,15318580.976
193,bulgaria,2008-04,13787644.848000001
194,bulgaria,2008-07,13988176.841000002
195,bulgaria,2008-12,15385941.189999998
196,bulgaria,2009-01,13586565.704
197,bulgaria,2009-04,11541888.36
198,bulgaria,2009-07,11878758.628
199,bulgaria,2009-12,13005487.621000001
200,bulgaria,2010-01,14415530.599
201,bulgaria,2010-04,12370871.075
202,bulgaria,2010-07,12908423.404
203,bulgaria,2010-12,13980134.757
204,bulgaria,2011-01,16445624.167
205,bulgaria,2011-04,13801536.821000002
206,bulgaria,2011-07,14035473.933
207,bulgaria,2011-12,15168214.347
208,bulgaria,2012-01,15451325.144000001
209,bulgaria,2012-04,12347358.458
210,bulgaria,2012-07,12828040.825
211,bulgaria,2012-12,14196286.678
212,bulgaria,2013-01,13680832.682
213,bulgaria,2013-04,11351545.197999999
214,bulgaria,2013-07,11946963.117999999
215,bulgaria,2013-12,13304942.864
216,bulgaria,2014-01,13614231.644
217,bulgaria,2014-04,12151677.308
218,bulgaria,2014-07,12874164.002999999
219,bulgaria,2014-12,14031277.544999998
220,bulgaria,2015-01,14889135.265999999
221,bulgaria,2015-04,12443554.746
222,bulgaria,2015-07,13221974.397999998
223,bulgaria,2015-12,14627272.204
224,bulgaria,2016-01,13487458.254999999
225,bulgaria,2016-04,11182265.586
226,bulgaria,2016-07,13083707.280000001
227,bulgaria,2016-12,15179378.131000001
228,bulgaria,2017-01,15582100.853
229,bulgaria,2017-04,12261602.28
230,bulgaria,2017-07,12874068.319000002
231,bulgaria,2017-12,14713791.689999998
232,bulgaria,2018-01,15156153.117999999
233,bulgaria,2018-04,12116036.311999999
234,bulgaria,2018-07,12565367.56
235,bulgaria,2018-12,14420249.605
236,bulgaria,2019-01,14766740.851
237,bulgaria,2019-04,11912391.206999999
238,bulgaria,2019-07,12274562.371
239,bulgaria,2019-12,14111452.281999998
240,croatia,2000-01,8121390.899
241,croatia,2000-04,4980682.23
242,croatia,2000-07,4650428.331
243,croatia,2000-12,6443099.505
244,croatia,2001-01,7522243.382999999
245,croatia,2001-04,5513176.611
246,croatia,2001-07,4924347.199
247,croatia,2001-12,7763415.8100000005
248,croatia,2002-01,8242305.68
249,croatia,2002-04,5730159.791
250,croatia,2002-07,5128817.916
251,croatia,2002-12,7460646.823000001
252,croatia,2003-01,9156806.33
253,croatia,2003-04,6041603.4860000005
254,croatia,2003-07,5488771.351
255,croatia,2003-12,7860473.4350000005
256,croatia,2004-01,9231925.052000001
257,croatia,2004-04,6173628.482
258,croatia,2004-07,5607902.249
259,croatia,2004-12,7817009.944
260,croatia,2005-01,9359853.802
261,croatia,2005-04,6176305.518999999
262,croatia,2005-07,5664297.754
263,croatia,2005-12,8116960.33
264,croatia,2006-01,9592153.083
265,croatia,2006-04,6166519.178
266,croatia,2006-07,5761391.334
267,croatia,2006-12,7855608.4969999995
268,croatia,2007-01,8767091.022
269,croatia,2007-04,6546656.387
270,croatia,2007-07,6157582.124
271,croatia,2007-12,9336342.669
272,croatia,2008-01,9054432.086
273,croatia,2008-04,6447555.328
274,croatia,2008-07,5991572.141
275,croatia,2008-12,8189616.575999999
276,croatia,2009-01,8792872.946
277,croatia,2009-04,5667184.914
278,croatia,2009-07,5411216.927
279,croatia,2009-12,7782015.946
280,croatia,2010-01,8577914.481
281,croatia,2010-04,5662541.994
282,croatia,2010-07,5237647.295
283,croatia,2010-12,7700731.92
284,croatia,2011-01,8351845.942
285,croatia,2011-04,5431980.626
286,croatia,2011-07,5117206.194
287,croatia,2011-12,7640476.034
288,croatia,2012-01,8119588.903
289,croatia,2012-04,5271305.117000001
290,croatia,2012-07,4850339.877
291,croatia,2012-12,6861289.227
292,croatia,2013-01,8013067.527000001
293,croatia,2013-04,5158454.888
294,croatia,2013-07,4782629.464
295,croatia,2013-12,6776859.302999999
296,croatia,2014-01,7032309.6219999995
297,croatia,2014-04,5073261.734999999
298,croatia,2014-07,4597811.681
299,croatia,2014-12,6663432.762
300,croatia,2015-01,7608685.358
301,croatia,2015-04,5123197.916999999
302,croatia,2015-07,4704118.687
303,croatia,2015-12,6885536.586999999
304,croatia,2016-01,7423989.778999999
305,croatia,2016-04,5053890.992000001
306,croatia,2016-07,4753719.443
307,croatia,2016-12,7397729.665
308,croatia,2017-01,7818758.545
309,croatia,2017-04,5288557.7129999995
310,croatia,2017-07,4851605.018999999
311,croatia,2017-12,7068994.797
312,croatia,2018-01,7538245.566
313,croatia,2018-04,5151910.4120000005
314,croatia,2018-07,4725654.041
315,croatia,2018-12,6840176.417
316,croatia,2019-01,7617771.026000001
317,croatia,2019-04,5271329.192
318,croatia,2019-07,4854305.233000001
319,croatia,2019-12,6951535.161
320,czech republic,2000-01,43333407.72
321,czech republic,2000-04,29413145.124
322,czech republic,2000-07,27328372.895
323,czech republic,2000-12,38186701.03
324,czech republic,2001-01,42885560.23
325,czech republic,2001-04,29868902.202
326,czech republic,2001-07,26003595.48
327,czech republic,2001-12,40028957.88
328,czech republic,2002-01,39363873.19
329,czech republic,2002-04,29747050.715000004
330,czech republic,2002-07,26615661.243
331,czech republic,2002-12,39015312.53
332,czech republic,2003-01,44600847.72
333,czech republic,2003-04,28919922.234
334,czech republic,2003-07,26287183.753000002
335,czech republic,2003-12,38831539.82
336,czech republic,2004-01,44704663.81
337,czech republic,2004-04,30621868.341
338,czech republic,2004-07,26856082.233000003
339,czech republic,2004-12,38705592.54
340,czech republic,2005-01,42450496.7
341,czech republic,2005-04,30192428.846999995
342,czech republic,2005-07,26639297.472000003
343,czech republic,2005-12,38241335.980000004
344,czech republic,2006-01,43497101.67
345,czech republic,2006-04,29515192.254
346,czech republic,2006-07,27922386.109
347,czech republic,2006-12,38021056.17
348,czech republic,2007-01,42927625.64
349,czech republic,2007-04,30103910.372
350,czech republic,2007-07,28351761.185999997
351,czech republic,2007-12,40821869.18
352,czech republic,2008-01,41438456.53
353,czech republic,2008-04,30696678.834999997
354,czech republic,2008-07,27470411.391999997
355,czech republic,2008-12,38052626.89
356,czech republic,2009-01,42168308.69
357,czech republic,2009-04,26857100.856
358,czech republic,2009-07,25039128.584999997
359,czech republic,2009-12,36742852.269999996
360,czech republic,2010-01,40248315.87
361,czech republic,2010-04,28397816.351999998
362,czech republic,2010-07,26329569.005
363,czech republic,2010-12,38062060.95
364,czech republic,2011-01,41480582.870000005
365,czech republic,2011-04,28668510.997
366,czech republic,2011-07,24652095.324
367,czech republic,2011-12,36359081.650000006
368,czech republic,2012-01,39254201.09
369,czech republic,2012-04,27277243.997
370,czech republic,2012-07,24528178.235
371,czech republic,2012-12,37189886.29
372,czech republic,2013-01,39977089.61
373,czech republic,2013-04,26244741.396
374,czech republic,2013-07,23688409.463
375,czech republic,2013-12,34682926.37
376,czech republic,2014-01,36794195.09
377,czech republic,2014-04,26278910.579000004
378,czech republic,2014-07,23898230.569000002
379,czech republic,2014-12,35527183.14
380,czech republic,2015-01,38573367.8
381,czech republic,2015-04,26145373.463
382,czech republic,2015-07,24173051.42
383,czech republic,2015-12,35179528.06
384,czech republic,2016-01,38128027.18
385,czech republic,2016-04,26964603.98
386,czech republic,2016-07,24220150.286
387,czech republic,2016-12,37080621.95999999
388,czech republic,2017-01,38978597.03
389,czech republic,2017-04,28044728.307
390,czech republic,2017-07,24683144.726
391,czech republic,2017-12,35249640.97
392,czech republic,2018-01,38389813.82
393,czech republic,2018-04,27609544.582999997
394,czech republic,2018-07,24725975.971
395,czech republic,2018-12,34927176.83
396,czech republic,2019-01,37373118.49
397,czech republic,2019-04,27026070.255999997
398,czech republic,2019-07,24043433.349999998
399,czech republic,2019-12,34073489.79
400,france,2000-01,139133057.63
401,france,2000-04,99321927.57
402,france,2000-07,87962535.8
403,france,2000-12,123615700.69
404,france,2001-01,131081893.1
405,france,2001-04,101917211.9
406,france,2001-07,90036711.75999999
407,france,2001-12,130916456.81
408,france,2002-01,133406666.42
409,france,2002-04,102417756.28999999
410,france,2002-07,88059240.77
411,france,2002-12,123353695.55
412,france,2003-01,138622676.44
413,france,2003-04,98541360.77000001
414,france,2003-07,88234110.96
415,france,2003-12,128058384.24
416,france,2004-01,138514408.72
417,france,2004-04,101718038.42
418,france,2004-07,88100022.32000001
419,france,2004-12,126779969.29000002
420,france,2005-01,141450263.91
421,france,2005-04,100643088.95
422,france,2005-07,89689507.64
423,france,2005-12,129002556.49000001
424,france,2006-01,144705071.26999998
425,france,2006-04,95877053.66
426,france,2006-07,85925474.0
427,france,2006-12,119156595.07
428,france,2007-01,129406586.27
429,france,2007-04,94073139.64
430,france,2007-07,87583242.02
431,france,2007-12,132268729.29
432,france,2008-01,130605383.31
433,france,2008-04,98010727.53
434,france,2008-07,87922918.03
435,france,2008-12,127784405.47
436,france,2009-01,137582244.35
437,france,2009-04,90951449.42
438,france,2009-07,84265736.01
439,france,2009-12,121657000.96000001
440,france,2010-01,136169830.6
441,france,2010-04,96906186.22
442,france,2010-07,86701561.14
443,france,2010-12,126805819.08
444,france,2011-01,132990592.15
445,france,2011-04,91768087.96
446,france,2011-07,85505729.17
447,france,2011-12,118476809.34
448,france,2012-01,134060762.0
449,france,2012-04,97947451.91
450,france,2012-07,86792743.13
451,france,2012-12,119141525.99
452,france,2013-01,136015436.4
453,france,2013-04,98549844.31
454,france,2013-07,85194596.75
455,france,2013-12,117115523.66999999
456,france,2014-01,120132235.12
457,france,2014-04,88292055.00999999
458,france,2014-07,76660800.6
459,france,2014-12,114048621.99000001
460,france,2015-01,129309195.57
461,france,2015-04,86448668.6
462,france,2015-07,79395748.88
463,france,2015-12,112591379.78999999
464,france,2016-01,120375431.28
465,france,2016-04,90897469.58
466,france,2016-07,81542336.75
467,france,2016-12,120424963.36999999
468,france,2017-01,123542140.27000001
469,france,2017-04,91493364.89
470,france,2017-07,83129396.83
471,france,2017-12,118964430.15
472,france,2018-01,119429619.09
473,france,2018-04,90239860.89
474,france,2018-07,82002538.33
475,france,2018-12,115078937.28
476,france,2019-01,117146635.98000002
477,france,2019-04,89229923.33
478,france,2019-07,81077283.72
479,france,2019-12,112650100.53999999
480,germany,2000-01,285412486.97
481,germany,2000-04,191537305.95
482,germany,2000-07,176145061.25
483,germany,2000-12,252774955.57
484,germany,2001-01,286084583.44
485,germany,2001-04,198063179.20999998
486,germany,2001-07,171712600.29
487,germany,2001-12,266946360.49
488,germany,2002-01,268257207.16000003
489,germany,2002-04,200107639.92000002
490,germany,2002-07,177632166.87
491,germany,2002-12,262381986.61
492,germany,2003-01,285841432.5
493,germany,2003-04,197978110.97000003
494,germany,2003-07,180062308.48
495,germany,2003-12,260879489.56
496,germany,2004-01,283641010.12
497,germany,2004-04,200215223.22
498,germany,2004-07,176572359.63
499,germany,2004-12,255542428.67000002
500,germany,2005-01,281063580.41999996
501,germany,2005-04,197965393.01999998
502,germany,2005-07,172425315.23000002
503,germany,2005-12,254700254.64
504,germany,2006-01,306637824.74
505,germany,2006-04,202839586.73
506,germany,2006-07,178003186.7
507,germany,2006-12,247986809.62
508,germany,2007-01,270403595.86
509,germany,2007-04,193928299.6
510,germany,2007-07,183632631.73
511,germany,2007-12,267942286.99
512,germany,2008-01,279757365.95
513,germany,2008-04,199033404.74
514,germany,2008-07,182091841.67000002
515,germany,2008-12,262413964.47000003
516,germany,2009-01,278182839.49
517,germany,2009-04,175926779.47
518,germany,2009-07,163242713.09
519,germany,2009-12,243738849.87
520,germany,2010-01,277401137.48
521,germany,2010-04,201981204.41
522,germany,2010-07,177826309.65
523,germany,2010-12,263859492.00000003
524,germany,2011-01,284041072.34000003
525,germany,2011-04,193288761.86
526,germany,2011-07,167570131.99
527,germany,2011-12,246920934.09
528,germany,2012-01,278066998.61
529,germany,2012-04,197005860.04000002
530,germany,2012-07,174692864.02
531,germany,2012-12,263218630.17000002
532,germany,2013-01,301452294.73
533,germany,2013-04,199728768.18
534,germany,2013-07,176414915.52
535,germany,2013-12,255542997.7
536,germany,2014-01,265282498.72000003
537,germany,2014-04,194897057.7
538,germany,2014-07,175631140.78
539,germany,2014-12,254560835.2
540,germany,2015-01,279287610.34000003
541,germany,2015-04,191763523.35
542,germany,2015-07,175620366.14
543,germany,2015-12,249176418.82999998
544,germany,2016-01,269491453.45
545,germany,2016-04,194825092.12
546,germany,2016-07,173253326.34
547,germany,2016-12,260880110.39
548,germany,2017-01,267767623.17000002
549,germany,2017-04,199294654.71
550,germany,2017-07,179583439.26999998
551,germany,2017-12,238482708.41000003
552,germany,2018-01,261076149.35999998
553,germany,2018-04,192207584.95
554,germany,2018-07,169837403.31
555,germany,2018-12,238402452.72
556,germany,2019-01,247976419.18
557,germany,2019-04,179985359.96
558,germany,2019-07,157481895.27
559,germany,2019-12,225365837.89999998
560,greece,2000-01,29016382.236
561,greece,2000-04,23336608.872
562,greece,2000-07,23773638.028
563,greece,2000-12,25796822.347999997
564,greece,2001-01,26854808.343999997
565,greece,2001-04,24311062.669
566,greece,2001-07,24879370.046
567,greece,2001-12,27959947.081
568,greece,2002-01,28700037.712
569,greece,2002-04,24211626.889000002
570,greece,2002-07,23955213.391
571,greece,2002-12,27220519.463
572,greece,2003-01,29871319.436
573,greece,2003-04,25126587.802
574,greece,2003-07,25416653.294
575,greece,2003-12,27176264.187
576,greece,2004-01,30331704.115
577,greece,2004-04,24701385.348
578,greece,2004-07,24542193.825000003
579,greece,2004-12,27841364.766000003
580,greece,2005-01,30614131.868
581,greece,2005-04,25182067.251000002
582,greece,2005-07,25650633.636
583,greece,2005-12,28355308.574
584,greece,2006-01,30136919.439
585,greece,2006-04,24826398.082000002
586,greece,2006-07,25609831.327999998
587,greece,2006-12,27979346.895000003
588,greece,2007-01,30067261.401
589,greece,2007-04,26000223.909
590,greece,2007-07,26346429.137000002
591,greece,2007-12,30504580.972999997
592,greece,2008-01,29649268.11
593,greece,2008-04,25120579.564
594,greece,2008-07,25602160.29
595,greece,2008-12,28023672.192
596,greece,2009-01,28336500.325999998
597,greece,2009-04,23811333.303
598,greece,2009-07,24615665.441999998
599,greece,2009-12,25452533.466
600,greece,2010-01,25670622.669000003
601,greece,2010-04,22368988.764
602,greece,2010-07,23750784.805
603,greece,2010-12,23475412.016
604,greece,2011-01,26502753.357
605,greece,2011-04,21297965.601
606,greece,2011-07,21387469.368
607,greece,2011-12,23992582.575
608,greece,2012-01,26216242.498999998
609,greece,2012-04,19766209.667999998
610,greece,2012-07,20493140.092
611,greece,2012-12,22667460.733
612,greece,2013-01,22359916.008
613,greece,2013-04,18169076.503
614,greece,2013-07,19157640.82
615,greece,2013-12,21175302.628
616,greece,2014-01,21261308.504
617,greece,2014-04,18226084.897
618,greece,2014-07,18923722.456
619,greece,2014-12,19657839.162
620,greece,2015-01,20625116.826
621,greece,2015-04,16858727.377
622,greece,2015-07,19139746.287
623,greece,2015-12,20119028.138
624,greece,2016-01,19760705.312
625,greece,2016-04,16099392.649
626,greece,2016-07,17930795.642
627,greece,2016-12,21183891.558
628,greece,2017-01,21405061.299999997
629,greece,2017-04,16670715.236000001
630,greece,2017-07,17537711.659
631,greece,2017-12,19573077.711999997
632,greece,2018-01,20407897.332999997
633,greece,2018-04,16570555.662999999
634,greece,2018-07,17403496.157
635,greece,2018-12,18932789.153
636,greece,2019-01,19461393.237
637,greece,2019-04,15287075.584999999
638,greece,2019-07,15714486.236
639,greece,2019-12,17812403.892
640,hungary,2000-01,19182888.938
641,hungary,2000-04,13728652.678
642,hungary,2000-07,13486816.993
643,hungary,2000-12,16673361.68
644,hungary,2001-01,17777112.759999998
645,hungary,2001-04,14274414.358
646,hungary,2001-07,13987210.101
647,hungary,2001-12,19299038.582
648,hungary,2002-01,18297964.909
649,hungary,2002-04,14294267.962000001
650,hungary,2002-07,13370864.480999999
651,hungary,2002-12,18012430.466
652,hungary,2003-01,19766727.052
653,hungary,2003-04,14491303.296999998
654,hungary,2003-07,14588343.161999999
655,hungary,2003-12,17474212.163000003
656,hungary,2004-01,19487692.788
657,hungary,2004-04,14467044.966
658,hungary,2004-07,13966977.474
659,hungary,2004-12,17869990.314
660,hungary,2005-01,20815340.606
661,hungary,2005-04,14783219.262
662,hungary,2005-07,14721006.748
663,hungary,2005-12,18735699.424
664,hungary,2006-01,20996473.095
665,hungary,2006-04,14914413.383000001
666,hungary,2006-07,14437338.989
667,hungary,2006-12,18160244.726
668,hungary,2007-01,17963168.372
669,hungary,2007-04,14787552.616
670,hungary,2007-07,14692405.943
671,hungary,2007-12,19891733.926
672,hungary,2008-01,19162298.692
673,hungary,2008-04,15220730.888999999
674,hungary,2008-07,14923307.652999999
675,hungary,2008-12,18443063.594
676,hungary,2009-01,19068530.618
677,hungary,2009-04,13493406.336000001
678,hungary,2009-07,13307674.599999998
679,hungary,2009-12,17543451.17
680,hungary,2010-01,19264078.105
681,hungary,2010-04,13856189.179
682,hungary,2010-07,13490145.390999999
683,hungary,2010-12,18227278.129
684,hungary,2011-01,19394948.711999997
685,hungary,2011-04,13712099.028
686,hungary,2011-07,13599028.121
687,hungary,2011-12,17776397.203
688,hungary,2012-01,18757493.478
689,hungary,2012-04,12855266.103999998
690,hungary,2012-07,12911850.719999999
691,hungary,2012-12,16568122.661
692,hungary,2013-01,18194580.48
693,hungary,2013-04,12532230.125
694,hungary,2013-07,12623846.503
695,hungary,2013-12,16012106.454
696,hungary,2014-01,16757973.143
697,hungary,2014-04,12755668.224
698,hungary,2014-07,12783596.518
699,hungary,2014-12,16547095.336
700,hungary,2015-01,18039866.468000002
701,hungary,2015-04,13252912.517
702,hungary,2015-07,13404337.245000001
703,hungary,2015-12,17464644.834
704,hungary,2016-01,17493451.809
705,hungary,2016-04,13434964.173
706,hungary,2016-07,13571805.231
707,hungary,2016-12,18521602.573
708,hungary,2017-01,19359340.179
709,hungary,2017-04,14146421.824
710,hungary,2017-07,13910686.317
711,hungary,2017-12,17696381.388
712,hungary,2018-01,18646120.972999997
713,hungary,2018-04,14166271.817
714,hungary,2018-07,13875049.952
715,hungary,2018-12,17751910.501000002
716,hungary,2019-01,18575641.58
717,hungary,2019-04,14287812.478
718,hungary,2019-07,13950303.963
719,hungary,2019-12,17644255.488
720,iceland,2000-01,810752.8913999998
721,iceland,2000-04,711585.1223
722,iceland,2000-07,583524.9119
723,iceland,2000-12,767022.2491
724,iceland,2001-01,835949.073
725,iceland,2001-04,734870.9055999999
726,iceland,2001-07,620943.1054
727,iceland,2001-12,786285.7235000001
728,iceland,2002-01,909182.2604
729,iceland,2002-04,771277.9057
730,iceland,2002-07,651930.9951
731,iceland,2002-12,818010.9671
732,iceland,2003-01,872045.4883
733,iceland,2003-04,762271.6906999999
734,iceland,2003-07,640696.0272
735,iceland,2003-12,847492.189
736,iceland,2004-01,901604.8017
737,iceland,2004-04,778515.621
738,iceland,2004-07,659933.6373
739,iceland,2004-12,872308.1716
740,iceland,2005-01,883746.9134999999
741,iceland,2005-04,778202.9122
742,iceland,2005-07,670798.9629
743,iceland,2005-12,850420.4176
744,iceland,2006-01,902497.7939
745,iceland,2006-04,819047.892
746,iceland,2006-07,697789.4552
747,iceland,2006-12,871032.1939000001
748,iceland,2007-01,983673.7518
749,iceland,2007-04,859003.1505
750,iceland,2007-07,753999.6956
751,iceland,2007-12,921073.7437
752,iceland,2008-01,1062583.3771000002
753,iceland,2008-04,936696.7585
754,iceland,2008-07,802785.889
755,iceland,2008-12,1012616.3674999999
756,iceland,2009-01,1071868.4264
757,iceland,2009-04,941620.9828000001
758,iceland,2009-07,816855.6331
759,iceland,2009-12,1018380.0622
760,iceland,2010-01,1039346.5917
761,iceland,2010-04,926338.476
762,iceland,2010-07,789240.9671
763,iceland,2010-12,1000452.0320000001
764,iceland,2011-01,996995.8833000001
765,iceland,2011-04,897177.9199000001
766,iceland,2011-07,768820.0275000001
767,iceland,2011-12,960327.9841
768,iceland,2012-01,1003551.2704
769,iceland,2012-04,910812.1371
770,iceland,2012-07,780680.2083999999
771,iceland,2012-12,977223.8662
772,iceland,2013-01,1037428.623
773,iceland,2013-04,944970.5557
774,iceland,2013-07,808369.1093
775,iceland,2013-12,1012907.068
776,iceland,2014-01,1002473.2778
777,iceland,2014-04,889722.2918
778,iceland,2014-07,767737.3548
779,iceland,2014-12,968124.7985
780,iceland,2015-01,1035501.9192
781,iceland,2015-04,937786.2046999999
782,iceland,2015-07,795019.627
783,iceland,2015-12,988865.2417
784,iceland,2016-01,898422.0146
785,iceland,2016-04,799154.917
786,iceland,2016-07,699678.3378
787,iceland,2016-12,836502.1279
788,iceland,2017-01,914733.3221999999
789,iceland,2017-04,837562.6768
790,iceland,2017-07,727178.8415999999
791,iceland,2017-12,902693.3212
792,iceland,2018-01,908556.6468
793,iceland,2018-04,833851.0271000001
794,iceland,2018-07,725314.4444
795,iceland,2018-12,899131.0800999999
796,iceland,2019-01,895608.0348
797,iceland,2019-04,822681.6702
798,iceland,2019-07,716695.6822
799,iceland,2019-12,885870.6129000001
800,ireland,2000-01,12285078.969
801,ireland,2000-04,10990822.186999999
802,ireland,2000-07,9398415.962
803,ireland,2000-12,12303893.215
804,ireland,2001-01,13413452.89
805,ireland,2001-04,11359862.48
806,ireland,2001-07,9982285.303
807,ireland,2001-12,12474071.192
808,ireland,2002-01,12096378.913
809,ireland,2002-04,12111773.333
810,ireland,2002-07,9608213.17
811,ireland,2002-12,12240212.997000001
812,ireland,2003-01,11724486.79
813,ireland,2003-04,11353493.965
814,ireland,2003-07,9745107.728
815,ireland,2003-12,13008127.977
816,ireland,2004-01,13207842.553
817,ireland,2004-04,11010334.527
818,ireland,2004-07,9648450.792
819,ireland,2004-12,12442239.378999999
820,ireland,2005-01,13452101.848
821,ireland,2005-04,11810012.561999999
822,ireland,2005-07,10069685.373
823,ireland,2005-12,13184419.251
824,ireland,2006-01,14127259.684
825,ireland,2006-04,11932677.285
826,ireland,2006-07,10017990.895
827,ireland,2006-12,13078867.513
828,ireland,2007-01,13473476.463999998
829,ireland,2007-04,11386748.435
830,ireland,2007-07,10495899.734000001
831,ireland,2007-12,13124178.798
832,ireland,2008-01,13170067.092
833,ireland,2008-04,11475628.087
834,ireland,2008-07,10139654.675
835,ireland,2008-12,13131092.538999999
836,ireland,2009-01,12276035.030000001
837,ireland,2009-04,10179502.455
838,ireland,2009-07,8951978.378
839,ireland,2009-12,11718844.435
840,ireland,2010-01,12363400.436999999
841,ireland,2010-04,9861126.352
842,ireland,2010-07,8711730.039
843,ireland,2010-12,12060840.504999999
844,ireland,2011-01,11329091.424
845,ireland,2011-04,9235108.809
846,ireland,2011-07,8504060.311
847,ireland,2011-12,10121436.465
848,ireland,2012-01,10523332.536
849,ireland,2012-04,9744545.121
850,ireland,2012-07,8387725.683
851,ireland,2012-12,10909553.551
852,ireland,2013-01,11100297.543
853,ireland,2013-04,9366153.423999999
854,ireland,2013-07,8008742.813999999
855,ireland,2013-12,10098788.181
856,ireland,2014-01,10423428.339
857,ireland,2014-04,9415807.939
858,ireland,2014-07,8465137.533
859,ireland,2014-12,10359332.953
860,ireland,2015-01,11036526.17
861,ireland,2015-04,9957824.839
862,ireland,2015-07,9057664.368
863,ireland,2015-12,10231248.088
864,ireland,2016-01,11529227.412
865,ireland,2016-04,10330086.259
866,ireland,2016-07,8709175.42
867,ireland,2016-12,11416241.541000001
868,ireland,2017-01,11507014.139
869,ireland,2017-04,9910712.488
870,ireland,2017-07,8766715.583
871,ireland,2017-12,11006925.553
872,ireland,2018-01,11430520.17
873,ireland,2018-04,9935014.945999999
874,ireland,2018-07,8879447.398
875,ireland,2018-12,11085716.083
876,ireland,2019-01,10729173.646
877,ireland,2019-04,9495834.342
878,ireland,2019-07,8653297.973
879,ireland,2019-12,10547344.985
880,italy,2000-01,139429660.32
881,italy,2000-04,105705492.27
882,italy,2000-07,102043368.39999999
883,italy,2000-12,122630667.91
884,italy,2001-01,131541124.44
885,italy,2001-04,107608800.09
886,italy,2001-07,100423579.41000001
887,italy,2001-12,130604815.25
888,italy,2002-01,141628760.03
889,italy,2002-04,111665397.3
890,italy,2002-07,103304770.63
891,italy,2002-12,125972077.02000001
892,italy,2003-01,149255693.66
893,italy,2003-04,116075424.65
894,italy,2003-07,108365370.96000001
895,italy,2003-12,135150544.46
896,italy,2004-01,152279573.89
897,italy,2004-04,119379809.37
898,italy,2004-07,112425237.03
899,italy,2004-12,135102988.36
900,italy,2005-01,154338090.51
901,italy,2005-04,118464142.21000001
902,italy,2005-07,111869866.81
903,italy,2005-12,142534939.6
904,italy,2006-01,162158734.77
905,italy,2006-04,115255366.81
906,italy,2006-07,111056914.78
907,italy,2006-12,136760496.16
908,italy,2007-01,148906066.13
909,italy,2007-04,115906264.10000001
910,italy,2007-07,111111534.72
911,italy,2007-12,149423559.85000002
912,italy,2008-01,154929691.71
913,italy,2008-04,115958781.86
914,italy,2008-07,108987128.4
915,italy,2008-12,139082540.72
916,italy,2009-01,141688198.18
917,italy,2009-04,99817981.2
918,italy,2009-07,97680738.57
919,italy,2009-12,129191477.53
920,italy,2010-01,144658332.07999998
921,italy,2010-04,103293119.85
922,italy,2010-07,99556185.04
923,italy,2010-12,131079418.14
924,italy,2011-01,139333880.22
925,italy,2011-04,100778771.15
926,italy,2011-07,98708620.31
927,italy,2011-12,123131135.85
928,italy,2012-01,139615226.64
929,italy,2012-04,98107479.02
930,italy,2012-07,95688607.67
931,italy,2012-12,115956931.13999999
932,italy,2013-01,132439717.36
933,italy,2013-04,89563122.22
934,italy,2013-07,87296422.71
935,italy,2013-12,111179802.52
936,italy,2014-01,119575307.05
937,italy,2014-04,88599521.22
938,italy,2014-07,82819633.0
939,italy,2014-12,108310295.88
940,italy,2015-01,123351694.62
941,italy,2015-04,88743495.11
942,italy,2015-07,88492121.24
943,italy,2015-12,111157082.15
944,italy,2016-01,119663641.53
945,italy,2016-04,85819921.29
946,italy,2016-07,84910081.83
947,italy,2016-12,116322778.59
948,italy,2017-01,122233859.1
949,italy,2017-04,86565309.71
950,italy,2017-07,81718440.65
951,italy,2017-12,114646982.47
952,italy,2018-01,119767054.77
953,italy,2018-04,85544549.14
954,italy,2018-07,80667653.98
955,italy,2018-12,112505868.84
956,italy,2019-01,116232300.87
957,italy,2019-04,84600262.18
958,italy,2019-07,80911264.58
959,italy,2019-12,109500313.11
960,lithuania,2000-01,4467384.672
961,lithuania,2000-04,3242565.9444999998
962,lithuania,2000-07,3035053.3716
963,lithuania,2000-12,4243375.334000001
964,lithuania,2001-01,4723075.377
965,lithuania,2001-04,3481474.296
966,lithuania,2001-07,3085189.3833
967,lithuania,2001-12,4617648.169
968,lithuania,2002-01,4591708.936
969,lithuania,2002-04,3533146.745
970,lithuania,2002-07,3286539.6219999995
971,lithuania,2002-12,4857189.437
972,lithuania,2003-01,5054047.326
973,lithuania,2003-04,3596765.012
974,lithuania,2003-07,3215652.778
975,lithuania,2003-12,4562039.654
976,lithuania,2004-01,5044217.056
977,lithuania,2004-04,3955062.334
978,lithuania,2004-07,3475783.916
979,lithuania,2004-12,4740224.3780000005
980,lithuania,2005-01,5563918.483
981,lithuania,2005-04,4041040.216
982,lithuania,2005-07,3540036.2520000003
983,lithuania,2005-12,5030902.979
984,lithuania,2006-01,5730513.14
985,lithuania,2006-04,4301186.692
986,lithuania,2006-07,3645559.932
987,lithuania,2006-12,4799534.965
988,lithuania,2007-01,5868976.9290000005
989,lithuania,2007-04,4551032.3100000005
990,lithuania,2007-07,4069871.1210000003
991,lithuania,2007-12,5600954.717
992,lithuania,2008-01,5975146.761
993,lithuania,2008-04,4596910.035
994,lithuania,2008-07,4223009.93
995,lithuania,2008-12,5696524.936000001
996,lithuania,2009-01,5467431.384
997,lithuania,2009-04,3904951.7399999998
998,lithuania,2009-07,3578038.1720000003
999,lithuania,2009-12,5204067.271
1000,lithuania,2010-01,5596707.7870000005
1001,lithuania,2010-04,4133208.3600000003
1002,lithuania,2010-07,3705654.0700000003
1003,lithuania,2010-12,5403647.886
1004,lithuania,2011-01,6024238.240999999
1005,lithuania,2011-04,4151074.5479999995
1006,lithuania,2011-07,3673151.738
1007,lithuania,2011-12,5160033.157
1008,lithuania,2012-01,5786073.035
1009,lithuania,2012-04,4552883.057
1010,lithuania,2012-07,4001514.522
1011,lithuania,2012-12,5541566.533
1012,lithuania,2013-01,5768888.012
1013,lithuania,2013-04,4258449.035
1014,lithuania,2013-07,3798212.3489999995
1015,lithuania,2013-12,5098840.24
1016,lithuania,2014-01,5459279.199
1017,lithuania,2014-04,4375488.545
1018,lithuania,2014-07,3888995.018
1019,lithuania,2014-12,5442401.691
1020,lithuania,2015-01,5646863.845000001
1021,lithuania,2015-04,4698391.172
1022,lithuania,2015-07,4186514.755
1023,lithuania,2015-12,5675682.792
1024,lithuania,2016-01,5632956.821
1025,lithuania,2016-04,4479262.778
1026,lithuania,2016-07,4035504.673
1027,lithuania,2016-12,5814472.647999999
1028,lithuania,2017-01,5826557.611
1029,lithuania,2017-04,4871309.0770000005
1030,lithuania,2017-07,4331548.612
1031,lithuania,2017-12,5742448.208
1032,lithuania,2018-01,5800704.443
1033,lithuania,2018-04,4955743.178
1034,lithuania,2018-07,4313115.486
1035,lithuania,2018-12,5719884.825
1036,lithuania,2019-01,5881533.800000001
1037,lithuania,2019-04,5023206.808
1038,lithuania,2019-07,4490383.071
1039,lithuania,2019-12,5758264.764
1040,netherlands,2000-01,54004609.36
1041,netherlands,2000-04,41351736.79
1042,netherlands,2000-07,37878016.72
1043,netherlands,2000-12,48544449.120000005
1044,netherlands,2001-01,55771386.13
1045,netherlands,2001-04,42874836.41
1046,netherlands,2001-07,39316195.04
1047,netherlands,2001-12,48768166.98
1048,netherlands,2002-01,54029604.019999996
1049,netherlands,2002-04,43156682.08
1050,netherlands,2002-07,39176640.7
1051,netherlands,2002-12,51411563.05
1052,netherlands,2003-01,56122384.800000004
1053,netherlands,2003-04,43059624.15
1054,netherlands,2003-07,39520807.16
1055,netherlands,2003-12,51042984.2
1056,netherlands,2004-01,56784331.67
1057,netherlands,2004-04,44248453.31
1058,netherlands,2004-07,40480558.78
1059,netherlands,2004-12,51604283.599999994
1060,netherlands,2005-01,56328473.22
1061,netherlands,2005-04,43586325.68
1062,netherlands,2005-07,39790127.08
1063,netherlands,2005-12,50415111.88
1064,netherlands,2006-01,57895032.230000004
1065,netherlands,2006-04,42319331.25
1066,netherlands,2006-07,38793659.17
1067,netherlands,2006-12,47027765.11
1068,netherlands,2007-01,53379641.33
1069,netherlands,2007-04,42240310.730000004
1070,netherlands,2007-07,40025153.5
1071,netherlands,2007-12,51867838.989999995
1072,netherlands,2008-01,54584189.22
1073,netherlands,2008-04,43414636.04
1074,netherlands,2008-07,40377799.06
1075,netherlands,2008-12,51604430.3
1076,netherlands,2009-01,56195957.66
1077,netherlands,2009-04,41179136.95
1078,netherlands,2009-07,39240804.07
1079,netherlands,2009-12,49960627.54
1080,netherlands,2010-01,58523270.239999995
1081,netherlands,2010-04,45279493.269999996
1082,netherlands,2010-07,41340134.28
1083,netherlands,2010-12,53429603.760000005
1084,netherlands,2011-01,55878900.900000006
1085,netherlands,2011-04,41883405.6
1086,netherlands,2011-07,39666050.63
1087,netherlands,2011-12,49473137.37
1088,netherlands,2012-01,54791692.78
1089,netherlands,2012-04,42930129.21
1090,netherlands,2012-07,39403734.78
1091,netherlands,2012-12,49266503.04
1092,netherlands,2013-01,57294246.39
1093,netherlands,2013-04,42357729.62
1094,netherlands,2013-07,38296750.26
1095,netherlands,2013-12,47677791.150000006
1096,netherlands,2014-01,51347191.3
1097,netherlands,2014-04,40421181.08
1098,netherlands,2014-07,37786097.519999996
1099,netherlands,2014-12,48357680.08
1100,netherlands,2015-01,55192932.480000004
1101,netherlands,2015-04,42832945.019999996
1102,netherlands,2015-07,39815928.8
1103,netherlands,2015-12,47570079.61
1104,netherlands,2016-01,52738605.190000005
1105,netherlands,2016-04,42022126.120000005
1106,netherlands,2016-07,38900511.61
1107,netherlands,2016-12,52714666.22
1108,netherlands,2017-01,54287255.78
1109,netherlands,2017-04,42542764.010000005
1110,netherlands,2017-07,37917712.02
1111,netherlands,2017-12,50368054.870000005
1112,netherlands,2018-01,53283376.75
1113,netherlands,2018-04,40689833.44
1114,netherlands,2018-07,37210756.66
1115,netherlands,2018-12,48955796.67
1116,netherlands,2019-01,51519412.04
1117,netherlands,2019-04,40854503.14
1118,netherlands,2019-07,36442587.13
1119,netherlands,2019-12,48388302.88
1120,portugal,2000-01,22488354.832
1121,portugal,2000-04,18174252.108999997
1122,portugal,2000-07,17108340.648000002
1123,portugal,2000-12,21160389.615000002
1124,portugal,2001-01,18790360.516
1125,portugal,2001-04,18479479.086
1126,portugal,2001-07,17789604.274
1127,portugal,2001-12,23091937.128
1128,portugal,2002-01,23881836.529
1129,portugal,2002-04,20387942.297
1130,portugal,2002-07,18361159.574
1131,portugal,2002-12,20167919.379
1132,portugal,2003-01,20351769.645
1133,portugal,2003-04,18256653.145
1134,portugal,2003-07,18456090.312
1135,portugal,2003-12,20678600.645
1136,portugal,2004-01,21440315.256
1137,portugal,2004-04,18629657.434
1138,portugal,2004-07,17529962.836
1139,portugal,2004-12,22007029.255
1140,portugal,2005-01,24667886.306
1141,portugal,2005-04,19056584.26
1142,portugal,2005-07,17751256.044
1143,portugal,2005-12,21504131.046
1144,portugal,2006-01,23558041.801
1145,portugal,2006-04,18195946.288
1146,portugal,2006-07,18004697.975
1147,portugal,2006-12,18863306.967
1148,portugal,2007-01,21469750.027999997
1149,portugal,2007-04,18187505.814
1150,portugal,2007-07,16838128.329
1151,portugal,2007-12,21416152.093000002
1152,portugal,2008-01,21245626.955
1153,portugal,2008-04,16891184.208
1154,portugal,2008-07,16875859.677
1155,portugal,2008-12,20772939.457000002
1156,portugal,2009-01,21096408.447
1157,portugal,2009-04,18397755.863
1158,portugal,2009-07,17056376.244
1159,portugal,2009-12,19042135.033999998
1160,portugal,2010-01,17912999.462
1161,portugal,2010-04,15970279.623
1162,portugal,2010-07,17100551.644
1163,portugal,2010-12,19284456.993
1164,portugal,2011-01,19067099.165
1165,portugal,2011-04,16141169.682
1166,portugal,2011-07,15830106.742
1167,portugal,2011-12,17871023.934
1168,portugal,2012-01,19477397.173
1169,portugal,2012-04,14663628.718
1170,portugal,2012-07,15580709.279
1171,portugal,2012-12,16104210.771
1172,portugal,2013-01,18084846.5
1173,portugal,2013-04,14722552.353999998
1174,portugal,2013-07,14813425.106
1175,portugal,2013-12,17196370.774
1176,portugal,2014-01,16678525.817
1177,portugal,2014-04,14923997.651
1178,portugal,2014-07,15230251.04
1179,portugal,2014-12,17600306.331
1180,portugal,2015-01,18626207.181
1181,portugal,2015-04,15863902.952
1182,portugal,2015-07,15929373.485
1183,portugal,2015-12,17827215.358
1184,portugal,2016-01,17264953.918
1185,portugal,2016-04,14894038.816
1186,portugal,2016-07,16563577.768
1187,portugal,2016-12,18626476.365000002
1188,portugal,2017-01,19512613.766
1189,portugal,2017-04,16874942.607
1190,portugal,2017-07,17116048.277000003
1191,portugal,2017-12,18644130.405
1192,portugal,2018-01,18580446.976
1193,portugal,2018-04,15862124.682999998
1194,portugal,2018-07,15974661.64
1195,portugal,2018-12,17663782.136
1196,portugal,2019-01,17667560.56
1197,portugal,2019-04,14858970.657
1198,portugal,2019-07,14741054.178
1199,portugal,2019-12,16688991.201000001
1200,romania,2000-01,37495596.339999996
1201,romania,2000-04,22057119.558
1202,romania,2000-07,20377633.191
1203,romania,2000-12,30643692.628
1204,romania,2001-01,35596728.57
1205,romania,2001-04,24223571.222
1206,romania,2001-07,21386677.867999997
1207,romania,2001-12,34795684.024000004
1208,romania,2002-01,35287927.5
1209,romania,2002-04,24333398.147
1210,romania,2002-07,21951387.731
1211,romania,2002-12,33461634.335
1212,romania,2003-01,39283414.06
1213,romania,2003-04,25232362.625
1214,romania,2003-07,22685298.983
1215,romania,2003-12,33619913.41
1216,romania,2004-01,39537136.9
1217,romania,2004-04,25677767.678
1218,romania,2004-07,22550749.781999998
1219,romania,2004-12,33769019.56
1220,romania,2005-01,39079101.1
1221,romania,2005-04,24954900.932
1222,romania,2005-07,21756034.343000002
1223,romania,2005-12,34169813.3
1224,romania,2006-01,41939017.16
1225,romania,2006-04,25520429.365000002
1226,romania,2006-07,22974410.32
1227,romania,2006-12,34351630.660000004
1228,romania,2007-01,37674541.31
1229,romania,2007-04,24985475.221
1230,romania,2007-07,22735211.57
1231,romania,2007-12,36328789.29
1232,romania,2008-01,39937996.66
1233,romania,2008-04,25213336.77
1234,romania,2008-07,23658610.204
1235,romania,2008-12,35187843.56
1236,romania,2009-01,34943199.07
1237,romania,2009-04,20580852.17
1238,romania,2009-07,18613203.144
1239,romania,2009-12,30192929.345
1240,romania,2010-01,32915538.560000002
1241,romania,2010-04,20871433.093
1242,romania,2010-07,18632656.564
1243,romania,2010-12,30069519.256
1244,romania,2011-01,34931328.41
1245,romania,2011-04,22976443.65
1246,romania,2011-07,19281871.304
1247,romania,2011-12,30853295.314999998
1248,romania,2012-01,34665210.85
1249,romania,2012-04,21224375.968
1250,romania,2012-07,18970144.634
1251,romania,2012-12,30759072.267
1252,romania,2013-01,32225938.192
1253,romania,2013-04,19638757.042
1254,romania,2013-07,17990201.176
1255,romania,2013-12,28510638.700000003
1256,romania,2014-01,30168389.86
1257,romania,2014-04,20571405.515
1258,romania,2014-07,18017880.114
1259,romania,2014-12,29449052.972999997
1260,romania,2015-01,31704450.33
1261,romania,2015-04,20225793.047
1262,romania,2015-07,17984997.607
1263,romania,2015-12,28797091.616
1264,romania,2016-01,30017841.783
1265,romania,2016-04,19840874.977
1266,romania,2016-07,17820394.894
1267,romania,2016-12,30211825.747
1268,romania,2017-01,32486337.016000003
1269,romania,2017-04,21751109.257
1270,romania,2017-07,18519695.271
1271,romania,2017-12,29125050.053000003
1272,romania,2018-01,32824029.32
1273,romania,2018-04,22026451.161
1274,romania,2018-07,18737248.52
1275,romania,2018-12,29510245.438
1276,romania,2019-01,32423798.289000005
1277,romania,2019-04,21801184.98
1278,romania,2019-07,18528941.36
1279,romania,2019-12,29181175.619999997
1280,slovakia,2000-01,14109798.698
1281,slovakia,2000-04,8582239.901999999
1282,slovakia,2000-07,7622484.067
1283,slovakia,2000-12,11690159.995000001
1284,slovakia,2001-01,13473813.344
1285,slovakia,2001-04,9457113.831
1286,slovakia,2001-07,8188573.4
1287,slovakia,2001-12,12977374.242
1288,slovakia,2002-01,13021944.515
1289,slovakia,2002-04,9530088.044
1290,slovakia,2002-07,8346006.3719999995
1291,slovakia,2002-12,12595935.21
1292,slovakia,2003-01,13605528.042
1293,slovakia,2003-04,9674791.952
1294,slovakia,2003-07,8351639.65
1295,slovakia,2003-12,12209638.465
1296,slovakia,2004-01,13664949.98
1297,slovakia,2004-04,10005799.866
1298,slovakia,2004-07,8735042.883000001
1299,slovakia,2004-12,12290629.32
1300,slovakia,2005-01,13895705.092
1301,slovakia,2005-04,9983819.635
1302,slovakia,2005-07,8672148.899999999
1303,slovakia,2005-12,12805157.09
1304,slovakia,2006-01,14188504.529
1305,slovakia,2006-04,9728815.15
1306,slovakia,2006-07,8610174.553
1307,slovakia,2006-12,12103413.537
1308,slovakia,2007-01,12990021.76
1309,slovakia,2007-04,9897885.726
1310,slovakia,2007-07,8879644.275
1311,slovakia,2007-12,12867910.458
1312,slovakia,2008-01,13591111.952
1313,slovakia,2008-04,10040597.624
1314,slovakia,2008-07,8996097.21
1315,slovakia,2008-12,12463824.381000001
1316,slovakia,2009-01,13153623.137
1317,slovakia,2009-04,9034767.498
1318,slovakia,2009-07,7999094.197
1319,slovakia,2009-12,11820743.932
1320,slovakia,2010-01,13482409.047
1321,slovakia,2010-04,9917700.947
1322,slovakia,2010-07,8827310.592
1323,slovakia,2010-12,12826871.235
1324,slovakia,2011-01,13152363.738
1325,slovakia,2011-04,9838095.561999999
1326,slovakia,2011-07,8437030.692
1327,slovakia,2011-12,12084748.388
1328,slovakia,2012-01,12444236.657
1329,slovakia,2012-04,9233507.921
1330,slovakia,2012-07,8184987.314
1331,slovakia,2012-12,11739002.264
1332,slovakia,2013-01,12897555.787
1333,slovakia,2013-04,9246308.966
1334,slovakia,2013-07,8189435.121
1335,slovakia,2013-12,11517127.28
1336,slovakia,2014-01,11551914.947
1337,slovakia,2014-04,9081916.352
1338,slovakia,2014-07,7920850.642999999
1339,slovakia,2014-12,11260950.985
1340,slovakia,2015-01,12109342.122
1341,slovakia,2015-04,9169621.041
1342,slovakia,2015-07,8174142.012
1343,slovakia,2015-12,11407555.029
1344,slovakia,2016-01,12169305.717999998
1345,slovakia,2016-04,9464763.54
1346,slovakia,2016-07,8363424.2
1347,slovakia,2016-12,11895840.533
1348,slovakia,2017-01,12840330.818
1349,slovakia,2017-04,10097540.593
1350,slovakia,2017-07,8928224.825
1351,slovakia,2017-12,12004843.629
1352,slovakia,2018-01,12673452.695
1353,slovakia,2018-04,9978100.842
1354,slovakia,2018-07,8862574.096
1355,slovakia,2018-12,11930902.401999999
1356,slovakia,2019-01,13027994.065
1357,slovakia,2019-04,9753151.221
1358,slovakia,2019-07,8533852.566
1359,slovakia,2019-12,12069458.741999999
1360,spain,2000-01,88634471.08
1361,spain,2000-04,79229480.19999999
1362,spain,2000-07,79169320.00999999
1363,spain,2000-12,84665905.76
1364,spain,2001-01,80560815.30000001
1365,spain,2001-04,78146561.92
1366,spain,2001-07,80851542.47
1367,spain,2001-12,92557274.11
1368,spain,2002-01,93783088.00999999
1369,spain,2002-04,84803048.97
1370,spain,2002-07,83235545.88
1371,spain,2002-12,89007543.35
1372,spain,2003-01,93994923.74000001
1373,spain,2003-04,86132398.55
1374,spain,2003-07,87989924.25999999
1375,spain,2003-12,93208145.83
1376,spain,2004-01,98134227.65
1377,spain,2004-04,89831959.60000001
1378,spain,2004-07,90375607.52000001
1379,spain,2004-12,99356518.22
1380,spain,2005-01,105296341.6
1381,spain,2005-04,92917676.65
1382,spain,2005-07,93007772.5
1383,spain,2005-12,102033918.69999999
1384,spain,2006-01,105372703.38
1385,spain,2006-04,90541174.03999999
1386,spain,2006-07,91949042.82
1387,spain,2006-12,96338934.74
1388,spain,2007-01,101557660.53
1389,spain,2007-04,95365797.57
1390,spain,2007-07,94960442.59
1391,spain,2007-12,107468742.24000001
1392,spain,2008-01,96860238.83
1393,spain,2008-04,87241008.02
1394,spain,2008-07,87265230.88
1395,spain,2008-12,97191506.31
1396,spain,2009-01,89184910.16
1397,spain,2009-04,79837206.57000001
1398,spain,2009-07,79629178.84
1399,spain,2009-12,85288743.05
1400,spain,2010-01,85237613.3
1401,spain,2010-04,74567668.31
1402,spain,2010-07,77675152.91
1403,spain,2010-12,84303171.47999999
1404,spain,2011-01,92120436.3
1405,spain,2011-04,76758409.03999999
1406,spain,2011-07,76662792.79
1407,spain,2011-12,85170696.69
1408,spain,2012-01,89706384.76
1409,spain,2012-04,76539813.08
1410,spain,2012-07,76206481.42
1411,spain,2012-12,83259565.13
1412,spain,2013-01,80840361.22999999
1413,spain,2013-04,69572800.8
1414,spain,2013-07,69410815.25
1415,spain,2013-12,78381563.4
1416,spain,2014-01,78744017.99000001
1417,spain,2014-04,68195399.52
1418,spain,2014-07,70575861.51
1419,spain,2014-12,78324630.68
1420,spain,2015-01,83082024.73
1421,spain,2015-04,71790272.22999999
1422,spain,2015-07,75107568.99
1423,spain,2015-12,80772082.99000001
1424,spain,2016-01,81180074.9
1425,spain,2016-04,69992073.47
1426,spain,2016-07,71124384.83000001
1427,spain,2016-12,82169463.33
1428,spain,2017-01,85093426.55
1429,spain,2017-04,74974803.12
1430,spain,2017-07,75098630.65
1431,spain,2017-12,88159196.38
1432,spain,2018-01,85045175.76
1433,spain,2018-04,73292358.62
1434,spain,2018-07,74212983.39999999
1435,spain,2018-12,85914547.91
1436,spain,2019-01,79993389.67
1437,spain,2019-04,69892728.25999999
1438,spain,2019-07,70543024.26
1439,spain,2019-12,81389251.08
1440,switzerland,2000-01,15387625.866
1441,switzerland,2000-04,10872722.214
1442,switzerland,2000-07,9421418.15
1443,switzerland,2000-12,14048476.544
1444,switzerland,2001-01,15303816.381000001
1445,switzerland,2001-04,11672314.648
1446,switzerland,2001-07,9626863.565
1447,switzerland,2001-12,14772983.328000002
1448,switzerland,2002-01,15085870.792
1449,switzerland,2002-04,11106056.518
1450,switzerland,2002-07,9555665.843
1451,switzerland,2002-12,13987372.756000001
1452,switzerland,2003-01,16275489.714
1453,switzerland,2003-04,10943526.711000001
1454,switzerland,2003-07,9017652.46
1455,switzerland,2003-12,14984260.077999998
1456,switzerland,2004-01,16044347.168000001
1457,switzerland,2004-04,11761267.065
1458,switzerland,2004-07,9458781.024
1459,switzerland,2004-12,14538542.068
1460,switzerland,2005-01,16596823.592
1461,switzerland,2005-04,11372818.126
1462,switzerland,2005-07,9698244.357
1463,switzerland,2005-12,15013876.898
1464,switzerland,2006-01,17012999.419
1465,switzerland,2006-04,11634097.341
1466,switzerland,2006-07,9710667.589
1467,switzerland,2006-12,14147081.505
1468,switzerland,2007-01,14866286.622000001
1469,switzerland,2007-04,10878710.079
1470,switzerland,2007-07,9953585.8
1471,switzerland,2007-12,14855818.068
1472,switzerland,2008-01,15708535.874000002
1473,switzerland,2008-04,11640122.725
1474,switzerland,2008-07,10028434.482
1475,switzerland,2008-12,14959857.748
1476,switzerland,2009-01,16256987.703
1477,switzerland,2009-04,11003329.780000001
1478,switzerland,2009-07,9206578.071
1479,switzerland,2009-12,14605345.995000001
1480,switzerland,2010-01,16314076.581
1481,switzerland,2010-04,11767702.9
1482,switzerland,2010-07,9817120.84
1483,switzerland,2010-12,15247119.204
1484,switzerland,2011-01,14927076.278
1485,switzerland,2011-04,10785424.674
1486,switzerland,2011-07,9253202.042
1487,switzerland,2011-12,13689207.677000001
1488,switzerland,2012-01,15429828.973000001
1489,switzerland,2012-04,11282455.526
1490,switzerland,2012-07,9395947.681
1491,switzerland,2012-12,14379389.412
1492,switzerland,2013-01,16090257.224
1493,switzerland,2013-04,11973278.896
1494,switzerland,2013-07,9421383.370000001
1495,switzerland,2013-12,14364639.435000002
1496,switzerland,2014-01,13967799.605
1497,switzerland,2014-04,10968751.688
1498,switzerland,2014-07,9688813.734000001
1499,switzerland,2014-12,13166096.785
1500,switzerland,2015-01,14264615.785
1501,switzerland,2015-04,10645234.879
1502,switzerland,2015-07,9064000.559
1503,switzerland,2015-12,13243083.197999999
1504,switzerland,2016-01,14528336.675999999
1505,switzerland,2016-04,11016011.837
1506,switzerland,2016-07,8790613.149
1507,switzerland,2016-12,13942653.283
1508,switzerland,2017-01,14205852.752
1509,switzerland,2017-04,10542447.035
1510,switzerland,2017-07,9138438.196
1511,switzerland,2017-12,13680147.892
1512,switzerland,2018-01,13718300.492
1513,switzerland,2018-04,10253939.648
1514,switzerland,2018-07,8964454.726
1515,switzerland,2018-12,13239769.013
1516,switzerland,2019-01,13627001.227
1517,switzerland,2019-04,10377947.933
1518,switzerland,2019-07,9078898.322999999
1519,switzerland,2019-12,13268185.513
