,country,date,gdp_quarterly
0,Austria,2000-01,230947800000.0
1,Austria,2000-04,234469600000.0
2,Austria,2000-07,236713500000.0
3,Austria,2000-12,239502700000.0
4,Austria,2001-01,237766900000.0
5,Austria,2001-04,237647000000.0
6,Austria,2001-07,238515600000.0
7,Austria,2001-12,241682600000.0
8,Austria,2002-01,247039200000.0
9,Austria,2002-04,251301800000.0
10,Austria,2002-07,254369500000.0
11,Austria,2002-12,255717400000.0
12,Austria,2003-01,258504100000.0
13,Austria,2003-04,259807100000.0
14,Austria,2003-07,262097200000.0
15,Austria,2003-12,264497599999.99997
16,Austria,2004-01,269752500000.0
17,Austria,2004-04,273809800000.0
18,Austria,2004-07,278261700000.0
19,Austria,2004-12,280413700000.0
20,Austria,2005-01,280482400000.0
21,Austria,2005-04,285299900000.0
22,Austria,2005-07,289979000000.0
23,Austria,2005-12,296051400000.0
24,Austria,2006-01,304317800000.0
25,Austria,2006-04,308685900000.0
26,Austria,2006-07,315070100000.0
27,Austria,2006-12,317601100000.0
28,Austria,2007-01,321536600000.0
29,Austria,2007-04,325361700000.0
30,Austria,2007-07,327687200000.0
31,Austria,2007-12,332885400000.0
32,Austria,2008-01,338681800000.0
33,Austria,2008-04,345218300000.0
34,Austria,2008-07,347874300000.0
35,Austria,2008-12,343412800000.0
36,Austria,2009-01,339961900000.0
37,Austria,2009-04,338715300000.0
38,Austria,2009-07,341455100000.0
39,Austria,2009-12,344730600000.0
40,Austria,2010-01,342944100000.0
41,Austria,2010-04,348457700000.0
42,Austria,2010-07,352916100000.0
43,Austria,2010-12,359577300000.0
44,Austria,2011-01,365639900000.0
45,Austria,2011-04,370839900000.0
46,Austria,2011-07,376638800000.0
47,Austria,2011-12,378918200000.0
48,Austria,2012-01,387176100000.0
49,Austria,2012-04,389555800000.0
50,Austria,2012-07,393078800000.0
51,Austria,2012-12,397142000000.0
52,Austria,2013-01,400599700000.0
53,Austria,2013-04,403590200000.0
54,Austria,2013-07,408289500000.0
55,Austria,2013-12,412324300000.0
56,Austria,2014-01,412625700000.0
57,Austria,2014-04,417218100000.0
58,Austria,2014-07,418789300000.0
59,Austria,2014-12,420667000000.0
60,Austria,2015-01,422014100000.0
61,Austria,2015-04,427208400000.0
62,Austria,2015-07,434636800000.0
63,Austria,2015-12,440274300000.0
64,Austria,2016-01,449724200000.0
65,Austria,2016-04,458257200000.0
66,Austria,2016-07,463579600000.0
67,Austria,2016-12,469743200000.0
68,Austria,2017-01,470745300000.0
69,Austria,2017-04,473597200000.0
70,Austria,2017-07,478223000000.0
71,Austria,2017-12,484573500000.0
72,Austria,2018-01,492847200000.0
73,Austria,2018-04,499760100000.0
74,Austria,2018-07,505409900000.0
75,Austria,2018-12,515805700000.0
76,Austria,2019-01,522541500000.0
77,Austria,2019-04,525966699999.99994
78,Austria,2019-07,533816199999.99994
79,Austria,2019-12,537426300000.00006
80,Belgium,2000-01,276798700000.0
81,Belgium,2000-04,283103200000.0
82,Belgium,2000-07,287553700000.0
83,Belgium,2000-12,292290600000.0
84,Belgium,2001-01,293210100000.0
85,Belgium,2001-04,295345000000.0
86,Belgium,2001-07,296841000000.0
87,Belgium,2001-12,299357900000.0
88,Belgium,2002-01,305735900000.0
89,Belgium,2002-04,311407800000.0
90,Belgium,2002-07,315689900000.0
91,Belgium,2002-12,318852200000.0
92,Belgium,2003-01,318806500000.0
93,Belgium,2003-04,319645100000.0
94,Belgium,2003-07,321407800000.0
95,Belgium,2003-12,324005100000.0
96,Belgium,2004-01,329235400000.0
97,Belgium,2004-04,332940500000.0
98,Belgium,2004-07,336163000000.0
99,Belgium,2004-12,338129300000.0
100,Belgium,2005-01,340661400000.0
101,Belgium,2005-04,344465700000.0
102,Belgium,2005-07,349254100000.0
103,Belgium,2005-12,356343800000.0
104,Belgium,2006-01,363678000000.0
105,Belgium,2006-04,369322600000.0
106,Belgium,2006-07,375150100000.0
107,Belgium,2006-12,379515100000.0
108,Belgium,2007-01,385731500000.0
109,Belgium,2007-04,388325500000.0
110,Belgium,2007-07,392812100000.0
111,Belgium,2007-12,397076600000.0
112,Belgium,2008-01,402676700000.0
113,Belgium,2008-04,407166400000.0
114,Belgium,2008-07,409694000000.0
115,Belgium,2008-12,403340400000.0
116,Belgium,2009-01,400665000000.0
117,Belgium,2009-04,402145500000.0
118,Belgium,2009-07,410204700000.0
119,Belgium,2009-12,417383800000.0
120,Belgium,2010-01,423937400000.0
121,Belgium,2010-04,432741600000.0
122,Belgium,2010-07,437248300000.0
123,Belgium,2010-12,442339400000.0
124,Belgium,2011-01,446127800000.0
125,Belgium,2011-04,449841400000.0
126,Belgium,2011-07,454339300000.0
127,Belgium,2011-12,457472200000.0
128,Belgium,2012-01,463189400000.0
129,Belgium,2012-04,466857500000.0
130,Belgium,2012-07,472315200000.0
131,Belgium,2012-12,476681100000.0
132,Belgium,2013-01,479662900000.0
133,Belgium,2013-04,485480000000.0
134,Belgium,2013-07,490067800000.0
135,Belgium,2013-12,494262400000.0
136,Belgium,2014-01,497825100000.0
137,Belgium,2014-04,501185400000.0
138,Belgium,2014-07,506311200000.0
139,Belgium,2014-12,509148000000.0
140,Belgium,2015-01,511055100000.0
141,Belgium,2015-04,518224400000.0
142,Belgium,2015-07,523732100000.0
143,Belgium,2015-12,530621600000.0
144,Belgium,2016-01,537067000000.0
145,Belgium,2016-04,548963400000.0
146,Belgium,2016-07,554761700000.0
147,Belgium,2016-12,562071600000.0
148,Belgium,2017-01,568386400000.0
149,Belgium,2017-04,571295800000.0
150,Belgium,2017-07,573574200000.0
151,Belgium,2017-12,581966100000.0
152,Belgium,2018-01,587603200000.0
153,Belgium,2018-04,596297600000.0
154,Belgium,2018-07,602702400000.0
155,Belgium,2018-12,614604200000.0
156,Belgium,2019-01,622812800000.0
157,Belgium,2019-04,634824100000.0
158,Belgium,2019-07,647165300000.0
159,Belgium,2019-12,660159400000.0
160,Bulgaria,2000-01,51002500000.0
161,Bulgaria,2000-04,51932400000.0
162,Bulgaria,2000-07,52671200000.0
163,Bulgaria,2000-12,53389000000.0
164,Bulgaria,2001-01,54066000000.0
165,Bulgaria,2001-04,54979000000.0
166,Bulgaria,2001-07,56056800000.0
167,Bulgaria,2001-12,57290700000.0
168,Bulgaria,2002-01,58859700000.0
169,Bulgaria,2002-04,60347800000.0
170,Bulgaria,2002-07,61718400000.0
171,Bulgaria,2002-12,62769900000.0
172,Bulgaria,2003-01,63876500000.0
173,Bulgaria,2003-04,64626900000.0
174,Bulgaria,2003-07,65568200000.0
175,Bulgaria,2003-12,67094000000.0
176,Bulgaria,2004-01,68129300000.0
177,Bulgaria,2004-04,69924400000.0
178,Bulgaria,2004-07,71818200000.0
179,Bulgaria,2004-12,73546700000.0
180,Bulgaria,2005-01,75885100000.0
181,Bulgaria,2005-04,77680900000.0
182,Bulgaria,2005-07,79431500000.0
183,Bulgaria,2005-12,81319700000.0
184,Bulgaria,2006-01,82903000000.0
185,Bulgaria,2006-04,85061000000.0
186,Bulgaria,2006-07,87534600000.0
187,Bulgaria,2006-12,89592800000.0
188,Bulgaria,2007-01,92116100000.0
189,Bulgaria,2007-04,95160400000.0
190,Bulgaria,2007-07,97508100000.0
191,Bulgaria,2007-12,100790000000.0
192,Bulgaria,2008-01,103628600000.0
193,Bulgaria,2008-04,106123500000.0
194,Bulgaria,2008-07,108735700000.0
195,Bulgaria,2008-12,110091200000.0
196,Bulgaria,2009-01,105339100000.0
197,Bulgaria,2009-04,105415600000.0
198,Bulgaria,2009-07,107202000000.0
199,Bulgaria,2009-12,104342700000.0
200,Bulgaria,2010-01,107114000000.0
201,Bulgaria,2010-04,109628400000.0
202,Bulgaria,2010-07,111211200000.0
203,Bulgaria,2010-12,112866100000.0
204,Bulgaria,2011-01,113470700000.0
205,Bulgaria,2011-04,115567400000.0
206,Bulgaria,2011-07,116813300000.0
207,Bulgaria,2011-12,117523900000.0
208,Bulgaria,2012-01,118862800000.0
209,Bulgaria,2012-04,118713300000.0
210,Bulgaria,2012-07,119144100000.0
211,Bulgaria,2012-12,119358500000.0
212,Bulgaria,2013-01,119412300000.0
213,Bulgaria,2013-04,119788200000.0
214,Bulgaria,2013-07,121407700000.0
215,Bulgaria,2013-12,122711400000.0
216,Bulgaria,2014-01,124782800000.0
217,Bulgaria,2014-04,126709200000.0
218,Bulgaria,2014-07,127330900000.0
219,Bulgaria,2014-12,128425500000.0
220,Bulgaria,2015-01,128982600000.0
221,Bulgaria,2015-04,130153900000.0
222,Bulgaria,2015-07,133073900000.0
223,Bulgaria,2015-12,135126200000.00002
224,Bulgaria,2016-01,137989400000.0
225,Bulgaria,2016-04,142159000000.0
226,Bulgaria,2016-07,144281700000.0
227,Bulgaria,2016-12,147044100000.0
228,Bulgaria,2017-01,148935200000.0
229,Bulgaria,2017-04,150525300000.0
230,Bulgaria,2017-07,152452500000.0
231,Bulgaria,2017-12,154446800000.0
232,Bulgaria,2018-01,156969400000.0
233,Bulgaria,2018-04,159622600000.0
234,Bulgaria,2018-07,162291300000.0
235,Bulgaria,2018-12,166462700000.0
236,Bulgaria,2019-01,169118500000.0
237,Bulgaria,2019-04,173660600000.0
238,Bulgaria,2019-07,177851600000.0
239,Bulgaria,2019-12,182009500000.0
240,Croatia,2000-01,46924400000.0
241,Croatia,2000-04,47189500000.0
242,Croatia,2000-07,48079900000.0
243,Croatia,2000-12,48475800000.0
244,Croatia,2001-01,48955000000.0
245,Croatia,2001-04,49879600000.0
246,Croatia,2001-07,50270400000.0
247,Croatia,2001-12,51261500000.0
248,Croatia,2002-01,53120000000.0
249,Croatia,2002-04,54267000000.0
250,Croatia,2002-07,55715200000.0
251,Croatia,2002-12,56598900000.0
252,Croatia,2003-01,57433600000.0
253,Croatia,2003-04,58482700000.0
254,Croatia,2003-07,59334200000.0
255,Croatia,2003-12,60291000000.0
256,Croatia,2004-01,61893800000.0
257,Croatia,2004-04,62806700000.0
258,Croatia,2004-07,63498900000.0
259,Croatia,2004-12,64583000000.0
260,Croatia,2005-01,63328200000.0
261,Croatia,2005-04,65821500000.0
262,Croatia,2005-07,67388200000.0
263,Croatia,2005-12,69631900000.0
264,Croatia,2006-01,72016700000.0
265,Croatia,2006-04,74845300000.0
266,Croatia,2006-07,77342300000.0
267,Croatia,2006-12,79297800000.0
268,Croatia,2007-01,82043600000.0
269,Croatia,2007-04,83580800000.0
270,Croatia,2007-07,84761500000.0
271,Croatia,2007-12,85770900000.0
272,Croatia,2008-01,89005300000.0
273,Croatia,2008-04,90765000000.0
274,Croatia,2008-07,91200100000.0
275,Croatia,2008-12,89930500000.0
276,Croatia,2009-01,86582200000.0
277,Croatia,2009-04,87459900000.0
278,Croatia,2009-07,86606400000.0
279,Croatia,2009-12,87211300000.0
280,Croatia,2010-01,85785500000.0
281,Croatia,2010-04,84987700000.0
282,Croatia,2010-07,86679000000.0
283,Croatia,2010-12,86645000000.0
284,Croatia,2011-01,87864500000.0
285,Croatia,2011-04,90473800000.0
286,Croatia,2011-07,91306200000.0
287,Croatia,2011-12,91326700000.0
288,Croatia,2012-01,90967100000.0
289,Croatia,2012-04,90929200000.0
290,Croatia,2012-07,92070600000.0
291,Croatia,2012-12,92365000000.0
292,Croatia,2013-01,93835000000.0
293,Croatia,2013-04,94394600000.0
294,Croatia,2013-07,94249100000.0
295,Croatia,2013-12,94392700000.0
296,Croatia,2014-01,94204100000.0
297,Croatia,2014-04,94881100000.0
298,Croatia,2014-07,94720200000.0
299,Croatia,2014-12,95197900000.0
300,Croatia,2015-01,95741700000.0
301,Croatia,2015-04,97405300000.0
302,Croatia,2015-07,99581200000.0
303,Croatia,2015-12,99425500000.0
304,Croatia,2016-01,102661000000.0
305,Croatia,2016-04,104488700000.0
306,Croatia,2016-07,106077300000.0
307,Croatia,2016-12,108428200000.0
308,Croatia,2017-01,110365400000.0
309,Croatia,2017-04,111067400000.0
310,Croatia,2017-07,113061500000.0
311,Croatia,2017-12,114036500000.0
312,Croatia,2018-01,114406900000.0
313,Croatia,2018-04,117702600000.0
314,Croatia,2018-07,119163700000.0
315,Croatia,2018-12,121167000000.0
316,Croatia,2019-01,125186700000.0
317,Croatia,2019-04,127813800000.0
318,Croatia,2019-07,129440500000.0
319,Croatia,2019-12,131240100000.0
320,Czech Republic,2000-01,162390900000.0
321,Czech Republic,2000-04,164823500000.0
322,Czech Republic,2000-07,168262200000.0
323,Czech Republic,2000-12,170973000000.0
324,Czech Republic,2001-01,176095700000.0
325,Czech Republic,2001-04,178956200000.0
326,Czech Republic,2001-07,181662100000.0
327,Czech Republic,2001-12,183769500000.0
328,Czech Republic,2002-01,183202400000.0
329,Czech Republic,2002-04,184917400000.0
330,Czech Republic,2002-07,186783900000.0
331,Czech Republic,2002-12,189440500000.0
332,Czech Republic,2003-01,194084800000.0
333,Czech Republic,2003-04,197785900000.0
334,Czech Republic,2003-07,200951700000.0
335,Czech Republic,2003-12,203736900000.0
336,Czech Republic,2004-01,208142300000.0
337,Czech Republic,2004-04,210940800000.0
338,Czech Republic,2004-07,214419000000.0
339,Czech Republic,2004-12,218769600000.0
340,Czech Republic,2005-01,220776500000.0
341,Czech Republic,2005-04,223103200000.0
342,Czech Republic,2005-07,226257400000.0
343,Czech Republic,2005-12,231512500000.0
344,Czech Republic,2006-01,236192800000.0
345,Czech Republic,2006-04,242535300000.0
346,Czech Republic,2006-07,248107200000.0
347,Czech Republic,2006-12,253464700000.0
348,Czech Republic,2007-01,262541200000.0
349,Czech Republic,2007-04,267222000000.0
350,Czech Republic,2007-07,274117800000.0
351,Czech Republic,2007-12,279611600000.0
352,Czech Republic,2008-01,283618400000.0
353,Czech Republic,2008-04,289455400000.0
354,Czech Republic,2008-07,295267300000.0
355,Czech Republic,2008-12,292673600000.0
356,Czech Republic,2009-01,289450500000.0
357,Czech Republic,2009-04,289575700000.0
358,Czech Republic,2009-07,290724600000.0
359,Czech Republic,2009-12,290462600000.0
360,Czech Republic,2010-01,288413500000.0
361,Czech Republic,2010-04,290939400000.0
362,Czech Republic,2010-07,292589800000.0
363,Czech Republic,2010-12,295094500000.0
364,Czech Republic,2011-01,299922700000.0
365,Czech Republic,2011-04,304115700000.0
366,Czech Republic,2011-07,305979300000.0
367,Czech Republic,2011-12,306463800000.0
368,Czech Republic,2012-01,305945400000.0
369,Czech Republic,2012-04,305559000000.0
370,Czech Republic,2012-07,307221200000.0
371,Czech Republic,2012-12,310958800000.0
372,Czech Republic,2013-01,314800700000.0
373,Czech Republic,2013-04,320441900000.0
374,Czech Republic,2013-07,326223000000.0
375,Czech Republic,2013-12,334582200000.0
376,Czech Republic,2014-01,335467300000.0
377,Czech Republic,2014-04,340575600000.0
378,Czech Republic,2014-07,344894600000.0
379,Czech Republic,2014-12,347040600000.0
380,Czech Republic,2015-01,350051400000.0
381,Czech Republic,2015-04,354805900000.0
382,Czech Republic,2015-07,360563700000.0
383,Czech Republic,2015-12,365271000000.0
384,Czech Republic,2016-01,371374800000.0
385,Czech Republic,2016-04,378259600000.0
386,Czech Republic,2016-07,385025500000.0
387,Czech Republic,2016-12,390746500000.0
388,Czech Republic,2017-01,398991500000.0
389,Czech Republic,2017-04,410292000000.0
390,Czech Republic,2017-07,415925800000.0
391,Czech Republic,2017-12,422030500000.0
392,Czech Republic,2018-01,427346800000.0
393,Czech Republic,2018-04,434289500000.0
394,Czech Republic,2018-07,440943100000.0
395,Czech Republic,2018-12,448794900000.0
396,Czech Republic,2019-01,459660100000.0
397,Czech Republic,2019-04,468634900000.0
398,Czech Republic,2019-07,476636800000.0
399,Czech Republic,2019-12,483383000000.0
400,France,2000-01,1545193600000.0
401,France,2000-04,1578985100000.0
402,France,2000-07,1609709500000.0
403,France,2000-12,1633185300000.0
404,France,2001-01,1657609600000.0
405,France,2001-04,1676723500000.0
406,France,2001-07,1702967700000.0
407,France,2001-12,1716129400000.0
408,France,2002-01,1744449500000.0
409,France,2002-04,1764406500000.0
410,France,2002-07,1777278000000.0
411,France,2002-12,1773460000000.0
412,France,2003-01,1759910400000.0
413,France,2003-04,1743344900000.0
414,France,2003-07,1756658500000.0
415,France,2003-12,1764381100000.0
416,France,2004-01,1788768000000.0
417,France,2004-04,1807731600000.0
418,France,2004-07,1826027800000.0
419,France,2004-12,1854898800000.0
420,France,2005-01,1879445600000.0
421,France,2005-04,1904254700000.0
422,France,2005-07,1941560500000.0
423,France,2005-12,1976673200000.0
424,France,2006-01,2015360800000.0
425,France,2006-04,2061779700000.0
426,France,2006-07,2085675100000.0
427,France,2006-12,2109007200000.0002
428,France,2007-01,2147681600000.0
429,France,2007-04,2176816200000.0002
430,France,2007-07,2202026500000.0
431,France,2007-12,2218302300000.0
432,France,2008-01,2248106500000.0
433,France,2008-04,2253417900000.0
434,France,2008-07,2274592900000.0
435,France,2008-12,2258065700000.0
436,France,2009-01,2229011200000.0
437,France,2009-04,2233782900000.0
438,France,2009-07,2243582000000.0
439,France,2009-12,2274000900000.0
440,France,2010-01,2290736600000.0
441,France,2010-04,2318921200000.0
442,France,2010-07,2345415400000.0
443,France,2010-12,2375459000000.0
444,France,2011-01,2424654200000.0
445,France,2011-04,2439152200000.0
446,France,2011-07,2459698800000.0
447,France,2011-12,2456970800000.0
448,France,2012-01,2451692700000.0
449,France,2012-04,2453668800000.0
450,France,2012-07,2481411000000.0
451,France,2012-12,2509452500000.0
452,France,2013-01,2555983200000.0
453,France,2013-04,2606153200000.0
454,France,2013-07,2627273200000.0
455,France,2013-12,2657724400000.0
456,France,2014-01,2652569300000.0
457,France,2014-04,2658879800000.0
458,France,2014-07,2676541800000.0
459,France,2014-12,2672236400000.0
460,France,2015-01,2681541100000.0
461,France,2015-04,2703645400000.0
462,France,2015-07,2733306300000.0
463,France,2015-12,2762073400000.0
464,France,2016-01,2813107000000.0
465,France,2016-04,2845226200000.0
466,France,2016-07,2878707300000.0
467,France,2016-12,2914736500000.0
468,France,2017-01,2939680500000.0
469,France,2017-04,2966368100000.0
470,France,2017-07,3002129100000.0
471,France,2017-12,3036465400000.0
472,France,2018-01,3051827900000.0
473,France,2018-04,3098995500000.0
474,France,2018-07,3146239900000.0
475,France,2018-12,3214779400000.0
476,France,2019-01,3301500100000.0
477,France,2019-04,3389233800000.0
478,France,2019-07,3451705500000.0
479,France,2019-12,3489149200000.0
480,Germany,2000-01,2215883800000.0
481,Germany,2000-04,2237133100000.0
482,Germany,2000-07,2244283300000.0
483,Germany,2000-12,2249199300000.0
484,Germany,2001-01,2315048200000.0
485,Germany,2001-04,2333671900000.0
486,Germany,2001-07,2346872500000.0
487,Germany,2001-12,2363083000000.0
488,Germany,2002-01,2369655900000.0
489,Germany,2002-04,2397191600000.0
490,Germany,2002-07,2429690900000.0
491,Germany,2002-12,2447549000000.0
492,Germany,2003-01,2429818200000.0
493,Germany,2003-04,2448153600000.0
494,Germany,2003-07,2490112700000.0
495,Germany,2003-12,2522550800000.0
496,Germany,2004-01,2548182900000.0
497,Germany,2004-04,2584613200000.0
498,Germany,2004-07,2588240900000.0
499,Germany,2004-12,2588051900000.0
500,Germany,2005-01,2581383000000.0
501,Germany,2005-04,2595590500000.0
502,Germany,2005-07,2631447500000.0
503,Germany,2005-12,2665015700000.0
504,Germany,2006-01,2718726400000.0
505,Germany,2006-04,2797607600000.0
506,Germany,2006-07,2843551000000.0
507,Germany,2006-12,2900350000000.0
508,Germany,2007-01,2929720800000.0
509,Germany,2007-04,2974919200000.0
510,Germany,2007-07,3008654800000.0
511,Germany,2007-12,3045556400000.0
512,Germany,2008-01,3081501900000.0
513,Germany,2008-04,3100456700000.0
514,Germany,2008-07,3119177200000.0
515,Germany,2008-12,3097934100000.0
516,Germany,2009-01,2977018300000.0
517,Germany,2009-04,2994094300000.0
518,Germany,2009-07,3023533400000.0
519,Germany,2009-12,3056841200000.0
520,Germany,2010-01,3082717800000.0
521,Germany,2010-04,3165076600000.0
522,Germany,2010-07,3205702400000.0
523,Germany,2010-12,3261210000000.0
524,Germany,2011-01,3358853900000.0
525,Germany,2011-04,3394686400000.0
526,Germany,2011-07,3449038300000.0
527,Germany,2011-12,3438243700000.0
528,Germany,2012-01,3454179500000.0
529,Germany,2012-04,3472224600000.0
530,Germany,2012-07,3506020800000.0
531,Germany,2012-12,3522987100000.0
532,Germany,2013-01,3544960800000.0
533,Germany,2013-04,3613563200000.0
534,Germany,2013-07,3667763900000.0
535,Germany,2013-12,3713329700000.0
536,Germany,2014-01,3774040600000.0
537,Germany,2014-04,3797266200000.0
538,Germany,2014-07,3827914600000.0
539,Germany,2014-12,3852655200000.0
540,Germany,2015-01,3812029900000.0
541,Germany,2015-04,3860250200000.0
542,Germany,2015-07,3907810900000.0
543,Germany,2015-12,3963084500000.0
544,Germany,2016-01,4052540000000.0
545,Germany,2016-04,4144429000000.0
546,Germany,2016-07,4194788700000.0
547,Germany,2016-12,4242802900000.0005
548,Germany,2017-01,4308932099999.9995
549,Germany,2017-04,4355779500000.0
550,Germany,2017-07,4412246300000.0
551,Germany,2017-12,4491271600000.0
552,Germany,2018-01,4506031900000.0
553,Germany,2018-04,4590826900000.0
554,Germany,2018-07,4582051800000.0
555,Germany,2018-12,4651888600000.0
556,Germany,2019-01,4717057900000.0
557,Germany,2019-04,4752568700000.0
558,Germany,2019-07,4793116100000.0
559,Germany,2019-12,4848485600000.0
560,Greece,2000-01,205244300000.0
561,Greece,2000-04,208734000000.0
562,Greece,2000-07,214006300000.0
563,Greece,2000-12,218349200000.0
564,Greece,2001-01,222908700000.0
565,Greece,2001-04,224550900000.0
566,Greece,2001-07,230541100000.0
567,Greece,2001-12,233933400000.0
568,Greece,2002-01,239329900000.0
569,Greece,2002-04,246980400000.0
570,Greece,2002-07,249706600000.0
571,Greece,2002-12,251909900000.0
572,Greece,2003-01,255788700000.0
573,Greece,2003-04,259421100000.0
574,Greece,2003-07,261799700000.0
575,Greece,2003-12,268888599999.99997
576,Greece,2004-01,276650000000.0
577,Greece,2004-04,278387800000.0
578,Greece,2004-07,282140300000.0
579,Greece,2004-12,279777700000.0
580,Greece,2005-01,276033600000.0
581,Greece,2005-04,276778700000.0
582,Greece,2005-07,283245600000.0
583,Greece,2005-12,289596700000.0
584,Greece,2006-01,306833100000.0
585,Greece,2006-04,313211800000.0
586,Greece,2006-07,316835300000.0
587,Greece,2006-12,322889600000.0
588,Greece,2007-01,318065500000.0
589,Greece,2007-04,326094000000.0
590,Greece,2007-07,325462200000.0
591,Greece,2007-12,327703400000.0
592,Greece,2008-01,335975300000.0
593,Greece,2008-04,339674500000.0
594,Greece,2008-07,345427900000.0
595,Greece,2008-12,344160400000.0
596,Greece,2009-01,329862600000.0
597,Greece,2009-04,340004300000.0
598,Greece,2009-07,339067600000.0
599,Greece,2009-12,341562300000.0
600,Greece,2010-01,323961500000.0
601,Greece,2010-04,314265900000.0
602,Greece,2010-07,304304900000.0
603,Greece,2010-12,303617200000.0
604,Greece,2011-01,293712100000.0
605,Greece,2011-04,290202700000.0
606,Greece,2011-07,286525800000.0
607,Greece,2011-12,274316400000.00003
608,Greece,2012-01,276173900000.0
609,Greece,2012-04,274119900000.00003
610,Greece,2012-07,274344099999.99997
611,Greece,2012-12,276640900000.0
612,Greece,2013-01,278850700000.0
613,Greece,2013-04,283809500000.0
614,Greece,2013-07,287194700000.0
615,Greece,2013-12,291125700000.0
616,Greece,2014-01,289861100000.0
617,Greece,2014-04,290702600000.0
618,Greece,2014-07,292383900000.0
619,Greece,2014-12,288427700000.0
620,Greece,2015-01,289409900000.0
621,Greece,2015-04,290035600000.0
622,Greece,2015-07,286016800000.0
623,Greece,2015-12,291262300000.0
624,Greece,2016-01,292036800000.0
625,Greece,2016-04,293398200000.0
626,Greece,2016-07,298949200000.0
627,Greece,2016-12,302274100000.0
628,Greece,2017-01,304888100000.0
629,Greece,2017-04,305456600000.0
630,Greece,2017-07,311215400000.0
631,Greece,2017-12,308757600000.0
632,Greece,2018-01,313276200000.0
633,Greece,2018-04,316494700000.0
634,Greece,2018-07,317341300000.0
635,Greece,2018-12,321997900000.0
636,Greece,2019-01,327434200000.0
637,Greece,2019-04,334650500000.0
638,Greece,2019-07,334485100000.0
639,Greece,2019-12,335562200000.0
640,Hungary,2000-01,116472300000.0
641,Hungary,2000-04,119002900000.0
642,Hungary,2000-07,122385500000.0
643,Hungary,2000-12,126176000000.0
644,Hungary,2001-01,129627900000.0
645,Hungary,2001-04,133762900000.0
646,Hungary,2001-07,136491299999.99998
647,Hungary,2001-12,138371300000.0
648,Hungary,2002-01,144289000000.0
649,Hungary,2002-04,145694000000.0
650,Hungary,2002-07,148614500000.0
651,Hungary,2002-12,151619600000.0
652,Hungary,2003-01,153133400000.0
653,Hungary,2003-04,155372000000.0
654,Hungary,2003-07,157874400000.0
655,Hungary,2003-12,160534600000.0
656,Hungary,2004-01,162630800000.0
657,Hungary,2004-04,164332800000.0
658,Hungary,2004-07,165187400000.0
659,Hungary,2004-12,165570500000.0
660,Hungary,2005-01,167101300000.0
661,Hungary,2005-04,171371400000.0
662,Hungary,2005-07,174014000000.0
663,Hungary,2005-12,177654100000.0
664,Hungary,2006-01,179815000000.0
665,Hungary,2006-04,184552500000.0
666,Hungary,2006-07,187340000000.0
667,Hungary,2006-12,188765600000.0
668,Hungary,2007-01,188737700000.0
669,Hungary,2007-04,189574200000.0
670,Hungary,2007-07,193221000000.0
671,Hungary,2007-12,196623400000.0
672,Hungary,2008-01,203899100000.0
673,Hungary,2008-04,208094100000.0
674,Hungary,2008-07,211162800000.0
675,Hungary,2008-12,209121100000.0
676,Hungary,2009-01,204467200000.0
677,Hungary,2009-04,206723800000.0
678,Hungary,2009-07,208593400000.0
679,Hungary,2009-12,211079000000.0
680,Hungary,2010-01,212282300000.0
681,Hungary,2010-04,215948900000.0
682,Hungary,2010-07,219511600000.0
683,Hungary,2010-12,221923700000.0
684,Hungary,2011-01,226116900000.0
685,Hungary,2011-04,228396200000.0
686,Hungary,2011-07,230595800000.0
687,Hungary,2011-12,233418800000.0
688,Hungary,2012-01,229751400000.0
689,Hungary,2012-04,228860800000.0
690,Hungary,2012-07,231334400000.0
691,Hungary,2012-12,233338600000.0
692,Hungary,2013-01,236811000000.0
693,Hungary,2013-04,241061900000.0
694,Hungary,2013-07,245625800000.0
695,Hungary,2013-12,247969200000.0
696,Hungary,2014-01,249965700000.0
697,Hungary,2014-04,252815100000.0
698,Hungary,2014-07,255261700000.0
699,Hungary,2014-12,255844000000.0
700,Hungary,2015-01,259724300000.0
701,Hungary,2015-04,261180900000.0
702,Hungary,2015-07,264634200000.0
703,Hungary,2015-12,268950200000.0
704,Hungary,2016-01,267975700000.0
705,Hungary,2016-04,274129200000.0
706,Hungary,2016-07,276114200000.0
707,Hungary,2016-12,278672200000.0
708,Hungary,2017-01,283076200000.0
709,Hungary,2017-04,286208300000.0
710,Hungary,2017-07,289869200000.0
711,Hungary,2017-12,295533300000.0
712,Hungary,2018-01,302994000000.0
713,Hungary,2018-04,308573900000.0
714,Hungary,2018-07,315636800000.0
715,Hungary,2018-12,320350400000.0
716,Hungary,2019-01,329829700000.0
717,Hungary,2019-04,334093900000.0
718,Hungary,2019-07,342949700000.0
719,Hungary,2019-12,347299600000.0
720,Iceland,2000-01,8247500000.0
721,Iceland,2000-04,8248600000.0
722,Iceland,2000-07,8514600000.0
723,Iceland,2000-12,8486000000.0
724,Iceland,2001-01,8673100000.0
725,Iceland,2001-04,9058300000.0
726,Iceland,2001-07,8977600000.0
727,Iceland,2001-12,9609900000.0
728,Iceland,2002-01,9131800000.0
729,Iceland,2002-04,9449300000.0
730,Iceland,2002-07,9387600000.0
731,Iceland,2002-12,9535600000.0
732,Iceland,2003-01,9627000000.0
733,Iceland,2003-04,9282900000.0
734,Iceland,2003-07,9329700000.0
735,Iceland,2003-12,9633100000.0
736,Iceland,2004-01,10147900000.0
737,Iceland,2004-04,10094500000.0
738,Iceland,2004-07,10613100000.0
739,Iceland,2004-12,10750200000.0
740,Iceland,2005-01,10460500000.0
741,Iceland,2005-04,11125200000.0
742,Iceland,2005-07,11261200000.0
743,Iceland,2005-12,11460000000.0
744,Iceland,2006-01,11584000000.0
745,Iceland,2006-04,12126400000.0
746,Iceland,2006-07,12224600000.0
747,Iceland,2006-12,12280200000.0
748,Iceland,2007-01,12372300000.0
749,Iceland,2007-04,12931800000.0
750,Iceland,2007-07,12912600000.0
751,Iceland,2007-12,13463800000.0
752,Iceland,2008-01,13233000000.0
753,Iceland,2008-04,14018500000.0
754,Iceland,2008-07,13640100000.0
755,Iceland,2008-12,14579200000.0
756,Iceland,2009-01,13184100000.0
757,Iceland,2009-04,13268400000.0
758,Iceland,2009-07,13461600000.0
759,Iceland,2009-12,13404500000.0
760,Iceland,2010-01,12468500000.0
761,Iceland,2010-04,12757000000.0
762,Iceland,2010-07,12416000000.0
763,Iceland,2010-12,12955100000.0
764,Iceland,2011-01,12593100000.0
765,Iceland,2011-04,12931600000.0
766,Iceland,2011-07,13232200000.0
767,Iceland,2011-12,13485700000.0
768,Iceland,2012-01,13258100000.0
769,Iceland,2012-04,13334900000.0
770,Iceland,2012-07,13486400000.0
771,Iceland,2012-12,13811600000.0
772,Iceland,2013-01,14123700000.0
773,Iceland,2013-04,14226000000.0
774,Iceland,2013-07,14333900000.0
775,Iceland,2013-12,14845500000.0
776,Iceland,2014-01,14615600000.0
777,Iceland,2014-04,14672300000.0
778,Iceland,2014-07,15464700000.0
779,Iceland,2014-12,15458400000.0
780,Iceland,2015-01,15499700000.0
781,Iceland,2015-04,16418800000.0
782,Iceland,2015-07,16473800000.0
783,Iceland,2015-12,16767900000.000002
784,Iceland,2016-01,16604300000.0
785,Iceland,2016-04,17828000000.0
786,Iceland,2016-07,18409400000.0
787,Iceland,2016-12,19007400000.0
788,Iceland,2017-01,18445800000.0
789,Iceland,2017-04,19013500000.0
790,Iceland,2017-07,19267500000.0
791,Iceland,2017-12,19687300000.0
792,Iceland,2018-01,19665000000.0
793,Iceland,2018-04,20128400000.0
794,Iceland,2018-07,20087100000.0
795,Iceland,2018-12,20828700000.0
796,Iceland,2019-01,21092500000.0
797,Iceland,2019-04,21467300000.0
798,Iceland,2019-07,21447900000.0
799,Iceland,2019-12,21960200000.0
800,Ireland,2000-01,108954000000.0
801,Ireland,2000-04,113299500000.0
802,Ireland,2000-07,116825800000.0
803,Ireland,2000-12,119494300000.0
804,Ireland,2001-01,122644000000.0
805,Ireland,2001-04,124360200000.0
806,Ireland,2001-07,124995000000.0
807,Ireland,2001-12,127798800000.0
808,Ireland,2002-01,133769299999.99998
809,Ireland,2002-04,134681400000.0
810,Ireland,2002-07,138915400000.0
811,Ireland,2002-12,140253000000.0
812,Ireland,2003-01,140076400000.0
813,Ireland,2003-04,140920600000.0
814,Ireland,2003-07,141868800000.0
815,Ireland,2003-12,151316200000.0
816,Ireland,2004-01,152149800000.0
817,Ireland,2004-04,156291800000.0
818,Ireland,2004-07,156090700000.0
819,Ireland,2004-12,160283700000.0
820,Ireland,2005-01,162131300000.0
821,Ireland,2005-04,165310300000.0
822,Ireland,2005-07,165728600000.0
823,Ireland,2005-12,173151200000.0
824,Ireland,2006-01,181337600000.0
825,Ireland,2006-04,185132000000.0
826,Ireland,2006-07,190138700000.0
827,Ireland,2006-12,192582900000.0
828,Ireland,2007-01,205006700000.0
829,Ireland,2007-04,203608000000.0
830,Ireland,2007-07,199570000000.0
831,Ireland,2007-12,205718700000.0
832,Ireland,2008-01,201775600000.0
833,Ireland,2008-04,197836200000.0
834,Ireland,2008-07,197031200000.0
835,Ireland,2008-12,188246300000.0
836,Ireland,2009-01,186826100000.0
837,Ireland,2009-04,187216600000.0
838,Ireland,2009-07,185883400000.0
839,Ireland,2009-12,181378200000.0
840,Ireland,2010-01,190137400000.0
841,Ireland,2010-04,194250700000.0
842,Ireland,2010-07,196116800000.0
843,Ireland,2010-12,195309200000.0
844,Ireland,2011-01,203534200000.0
845,Ireland,2011-04,208167800000.0
846,Ireland,2011-07,206601300000.0
847,Ireland,2011-12,207056700000.0
848,Ireland,2012-01,210954500000.0
849,Ireland,2012-04,213825600000.0
850,Ireland,2012-07,213082800000.0
851,Ireland,2012-12,214805100000.0
852,Ireland,2013-01,216226400000.0
853,Ireland,2013-04,219397400000.0
854,Ireland,2013-07,225135600000.0
855,Ireland,2013-12,221100000000.0
856,Ireland,2014-01,227672800000.0
857,Ireland,2014-04,234804000000.0
858,Ireland,2014-07,241046500000.0
859,Ireland,2014-12,246600800000.0
860,Ireland,2015-01,312856600000.0
861,Ireland,2015-04,315037000000.0
862,Ireland,2015-07,332705400000.0
863,Ireland,2015-12,339804900000.0
864,Ireland,2016-01,325690000000.0
865,Ireland,2016-04,329653000000.0
866,Ireland,2016-07,333376100000.0
867,Ireland,2016-12,369195800000.0
868,Ireland,2017-01,353972100000.0
869,Ireland,2017-04,361402000000.0
870,Ireland,2017-07,380300600000.0
871,Ireland,2017-12,402694900000.0
872,Ireland,2018-01,402596000000.0
873,Ireland,2018-04,412233300000.0
874,Ireland,2018-07,414208500000.0
875,Ireland,2018-12,419577600000.0
876,Ireland,2019-01,427898100000.0
877,Ireland,2019-04,437338800000.0
878,Ireland,2019-07,445383300000.0
879,Ireland,2019-12,454839300000.0
880,Italy,2000-01,1512974300000.0
881,Italy,2000-04,1534647800000.0
882,Italy,2000-07,1550545700000.0
883,Italy,2000-12,1578806700000.0
884,Italy,2001-01,1593338000000.0
885,Italy,2001-04,1595303900000.0
886,Italy,2001-07,1597090200000.0
887,Italy,2001-12,1602115900000.0
888,Italy,2002-01,1615829400000.0
889,Italy,2002-04,1631454200000.0
890,Italy,2002-07,1645881000000.0
891,Italy,2002-12,1663240300000.0
892,Italy,2003-01,1667088000000.0
893,Italy,2003-04,1669129100000.0
894,Italy,2003-07,1673134900000.0
895,Italy,2003-12,1688098300000.0
896,Italy,2004-01,1693499200000.0
897,Italy,2004-04,1703740700000.0
898,Italy,2004-07,1701630300000.0
899,Italy,2004-12,1709603300000.0
900,Italy,2005-01,1707180200000.0
901,Italy,2005-04,1729682400000.0
902,Italy,2005-07,1760669300000.0
903,Italy,2005-12,1792539400000.0
904,Italy,2006-01,1828397900000.0
905,Italy,2006-04,1875025000000.0
906,Italy,2006-07,1908941700000.0
907,Italy,2006-12,1946878700000.0
908,Italy,2007-01,1959019600000.0
909,Italy,2007-04,1982651500000.0
910,Italy,2007-07,2009097800000.0
911,Italy,2007-12,2029600600000.0
912,Italy,2008-01,2082834800000.0
913,Italy,2008-04,2096602200000.0
914,Italy,2008-07,2105826000000.0
915,Italy,2008-12,2071935400000.0
916,Italy,2009-01,2036744600000.0
917,Italy,2009-04,2032291900000.0
918,Italy,2009-07,2048777200000.0
919,Italy,2009-12,2055891000000.0
920,Italy,2010-01,2054099400000.0
921,Italy,2010-04,2071018000000.0
922,Italy,2010-07,2085948800000.0
923,Italy,2010-12,2115761299999.9998
924,Italy,2011-01,2151426500000.0
925,Italy,2011-04,2177841400000.0
926,Italy,2011-07,2189705500000.0
927,Italy,2011-12,2177855700000.0002
928,Italy,2012-01,2170182900000.0
929,Italy,2012-04,2168857000000.0
930,Italy,2012-07,2174754700000.0002
931,Italy,2012-12,2176393200000.0002
932,Italy,2013-01,2171592400000.0
933,Italy,2013-04,2181918600000.0
934,Italy,2013-07,2195871700000.0002
935,Italy,2013-12,2198875200000.0002
936,Italy,2014-01,2201702700000.0
937,Italy,2014-04,2203494300000.0
938,Italy,2014-07,2207135800000.0
939,Italy,2014-12,2194748400000.0
940,Italy,2015-01,2194182200000.0002
941,Italy,2015-04,2220084200000.0
942,Italy,2015-07,2250012000000.0
943,Italy,2015-12,2295306300000.0
944,Italy,2016-01,2351399100000.0
945,Italy,2016-04,2409055800000.0
946,Italy,2016-07,2451343800000.0
947,Italy,2016-12,2479573200000.0
948,Italy,2017-01,2497048300000.0
949,Italy,2017-04,2507749200000.0
950,Italy,2017-07,2525299200000.0
951,Italy,2017-12,2551626700000.0
952,Italy,2018-01,2561221400000.0
953,Italy,2018-04,2587272600000.0
954,Italy,2018-07,2608931400000.0
955,Italy,2018-12,2644660400000.0
956,Italy,2019-01,2682707300000.0
957,Italy,2019-04,2726379700000.0
958,Italy,2019-07,2760726500000.0
959,Italy,2019-12,2772612600000.0
960,Lithuania,2000-01,28637200000.0
961,Lithuania,2000-04,29130900000.0
962,Lithuania,2000-07,29751900000.0
963,Lithuania,2000-12,30598500000.0
964,Lithuania,2001-01,31766300000.0
965,Lithuania,2001-04,32239000000.0
966,Lithuania,2001-07,33034100000.0
967,Lithuania,2001-12,34039500000.0
968,Lithuania,2002-01,34380600000.0
969,Lithuania,2002-04,35743900000.0
970,Lithuania,2002-07,36682400000.0
971,Lithuania,2002-12,37637400000.0
972,Lithuania,2003-01,39832900000.0
973,Lithuania,2003-04,40586000000.0
974,Lithuania,2003-07,41830800000.0
975,Lithuania,2003-12,42596500000.0
976,Lithuania,2004-01,42833200000.0
977,Lithuania,2004-04,43671700000.0
978,Lithuania,2004-07,43989500000.0
979,Lithuania,2004-12,45122100000.0
980,Lithuania,2005-01,46144800000.0
981,Lithuania,2005-04,47271800000.0
982,Lithuania,2005-07,48954000000.0
983,Lithuania,2005-12,50401400000.0
984,Lithuania,2006-01,51314000000.0
985,Lithuania,2006-04,53097900000.0
986,Lithuania,2006-07,54814700000.0
987,Lithuania,2006-12,56300300000.0
988,Lithuania,2007-01,58701100000.0
989,Lithuania,2007-04,60623100000.0
990,Lithuania,2007-07,62874700000.0
991,Lithuania,2007-12,64560800000.0
992,Lithuania,2008-01,65364500000.0
993,Lithuania,2008-04,66644700000.0
994,Lithuania,2008-07,66526899999.99999
995,Lithuania,2008-12,65992600000.00001
996,Lithuania,2009-01,57637700000.0
997,Lithuania,2009-04,56879100000.0
998,Lithuania,2009-07,57225200000.0
999,Lithuania,2009-12,57534900000.0
1000,Lithuania,2010-01,59587700000.0
1001,Lithuania,2010-04,61447300000.0
1002,Lithuania,2010-07,62804700000.0
1003,Lithuania,2010-12,65161500000.0
1004,Lithuania,2011-01,67234300000.0
1005,Lithuania,2011-04,68937700000.0
1006,Lithuania,2011-07,70121400000.0
1007,Lithuania,2011-12,70974300000.0
1008,Lithuania,2012-01,71789900000.0
1009,Lithuania,2012-04,72583100000.0
1010,Lithuania,2012-07,74656800000.0
1011,Lithuania,2012-12,75802100000.0
1012,Lithuania,2013-01,77074000000.0
1013,Lithuania,2013-04,78580000000.0
1014,Lithuania,2013-07,79702600000.0
1015,Lithuania,2013-12,81082900000.0
1016,Lithuania,2014-01,82119700000.0
1017,Lithuania,2014-04,82699000000.0
1018,Lithuania,2014-07,82964600000.0
1019,Lithuania,2014-12,82864100000.0
1020,Lithuania,2015-01,82548200000.0
1021,Lithuania,2015-04,83374800000.0
1022,Lithuania,2015-07,84172300000.0
1023,Lithuania,2015-12,84885700000.0
1024,Lithuania,2016-01,86206800000.0
1025,Lithuania,2016-04,87642000000.0
1026,Lithuania,2016-07,89382800000.0
1027,Lithuania,2016-12,91552100000.0
1028,Lithuania,2017-01,93317800000.0
1029,Lithuania,2017-04,94576000000.0
1030,Lithuania,2017-07,96098300000.0
1031,Lithuania,2017-12,97693700000.0
1032,Lithuania,2018-01,99065400000.0
1033,Lithuania,2018-04,101227600000.0
1034,Lithuania,2018-07,102515600000.0
1035,Lithuania,2018-12,105346000000.0
1036,Lithuania,2019-01,108656500000.0
1037,Lithuania,2019-04,111638700000.0
1038,Lithuania,2019-07,112471400000.0
1039,Lithuania,2019-12,114363400000.0
1040,Netherlands,2000-01,491586800000.0
1041,Netherlands,2000-04,504228400000.0
1042,Netherlands,2000-07,513322900000.0
1043,Netherlands,2000-12,522342600000.0
1044,Netherlands,2001-01,523944500000.0
1045,Netherlands,2001-04,529364400000.0
1046,Netherlands,2001-07,534595699999.99994
1047,Netherlands,2001-12,542840199999.99994
1048,Netherlands,2002-01,548909199999.99994
1049,Netherlands,2002-04,556496700000.0
1050,Netherlands,2002-07,560013500000.0
1051,Netherlands,2002-12,560110400000.0
1052,Netherlands,2003-01,555404900000.0
1053,Netherlands,2003-04,550661700000.0
1054,Netherlands,2003-07,552248300000.0
1055,Netherlands,2003-12,559230800000.0
1056,Netherlands,2004-01,571498600000.0
1057,Netherlands,2004-04,581035100000.0
1058,Netherlands,2004-07,586529800000.0
1059,Netherlands,2004-12,591884800000.0
1060,Netherlands,2005-01,596600700000.0
1061,Netherlands,2005-04,605099400000.0
1062,Netherlands,2005-07,620460700000.0
1063,Netherlands,2005-12,633217500000.0
1064,Netherlands,2006-01,647661600000.0
1065,Netherlands,2006-04,667499800000.0
1066,Netherlands,2006-07,678997100000.0
1067,Netherlands,2006-12,688298700000.0
1068,Netherlands,2007-01,702150000000.0
1069,Netherlands,2007-04,711160200000.0
1070,Netherlands,2007-07,725117000000.0
1071,Netherlands,2007-12,741950600000.0
1072,Netherlands,2008-01,752551300000.0
1073,Netherlands,2008-04,763842800000.0
1074,Netherlands,2008-07,770475800000.0
1075,Netherlands,2008-12,767074200000.0
1076,Netherlands,2009-01,737095000000.0
1077,Netherlands,2009-04,733801100000.0
1078,Netherlands,2009-07,735339900000.0
1079,Netherlands,2009-12,739896600000.0
1080,Netherlands,2010-01,738161400000.0
1081,Netherlands,2010-04,743555600000.0
1082,Netherlands,2010-07,748545400000.0
1083,Netherlands,2010-12,761747700000.0
1084,Netherlands,2011-01,771487400000.0
1085,Netherlands,2011-04,776940700000.0
1086,Netherlands,2011-07,782550900000.0
1087,Netherlands,2011-12,779272900000.0
1088,Netherlands,2012-01,782521400000.0
1089,Netherlands,2012-04,788739600000.0
1090,Netherlands,2012-07,794663200000.0
1091,Netherlands,2012-12,800847900000.0
1092,Netherlands,2013-01,817464800000.0
1093,Netherlands,2013-04,823442700000.0
1094,Netherlands,2013-07,832207600000.0
1095,Netherlands,2013-12,836696000000.0
1096,Netherlands,2014-01,827614500000.0
1097,Netherlands,2014-04,828746200000.0
1098,Netherlands,2014-07,829037200000.0
1099,Netherlands,2014-12,835562700000.0
1100,Netherlands,2015-01,841048600000.0
1101,Netherlands,2015-04,849643900000.0
1102,Netherlands,2015-07,857173600000.0
1103,Netherlands,2015-12,859974600000.0
1104,Netherlands,2016-01,870659000000.0
1105,Netherlands,2016-04,882020600000.0
1106,Netherlands,2016-07,897250800000.0
1107,Netherlands,2016-12,912084000000.0
1108,Netherlands,2017-01,923841700000.0
1109,Netherlands,2017-04,937043000000.0
1110,Netherlands,2017-07,950657100000.0
1111,Netherlands,2017-12,966478800000.0
1112,Netherlands,2018-01,978643800000.0
1113,Netherlands,2018-04,995330500000.0
1114,Netherlands,2018-07,1002089200000.0
1115,Netherlands,2018-12,1011260600000.0
1116,Netherlands,2019-01,1022666200000.0
1117,Netherlands,2019-04,1036116700000.0
1118,Netherlands,2019-07,1050123300000.0
1119,Netherlands,2019-12,1067805399999.9999
1120,Portugal,2000-01,191274700000.0
1121,Portugal,2000-04,191887900000.0
1122,Portugal,2000-07,195927100000.0
1123,Portugal,2000-12,197983800000.0
1124,Portugal,2001-01,198121000000.0
1125,Portugal,2001-04,201183700000.0
1126,Portugal,2001-07,202764700000.0
1127,Portugal,2001-12,207373700000.0
1128,Portugal,2002-01,210061700000.0
1129,Portugal,2002-04,211409000000.0
1130,Portugal,2002-07,212965000000.0
1131,Portugal,2002-12,214006600000.0
1132,Portugal,2003-01,216562900000.0
1133,Portugal,2003-04,216169200000.0
1134,Portugal,2003-07,219107000000.0
1135,Portugal,2003-12,220504800000.0
1136,Portugal,2004-01,222358800000.0
1137,Portugal,2004-04,224610400000.0
1138,Portugal,2004-07,225952600000.0
1139,Portugal,2004-12,227735600000.0
1140,Portugal,2005-01,232427100000.0
1141,Portugal,2005-04,236858600000.0
1142,Portugal,2005-07,240208200000.0
1143,Portugal,2005-12,245421400000.0
1144,Portugal,2006-01,252645600000.0
1145,Portugal,2006-04,259636900000.0
1146,Portugal,2006-07,262085500000.0
1147,Portugal,2006-12,264468700000.0
1148,Portugal,2007-01,267818300000.0
1149,Portugal,2007-04,269687000000.0
1150,Portugal,2007-07,271445099999.99997
1151,Portugal,2007-12,276391300000.0
1152,Portugal,2008-01,279011100000.0
1153,Portugal,2008-04,280643800000.0
1154,Portugal,2008-07,284031900000.0
1155,Portugal,2008-12,282544700000.0
1156,Portugal,2009-01,276694700000.0
1157,Portugal,2009-04,277615800000.0
1158,Portugal,2009-07,281257600000.0
1159,Portugal,2009-12,282947600000.0
1160,Portugal,2010-01,286419700000.0
1161,Portugal,2010-04,289049900000.0
1162,Portugal,2010-07,289072800000.0
1163,Portugal,2010-12,288377800000.0
1164,Portugal,2011-01,285407200000.0
1165,Portugal,2011-04,284176900000.0
1166,Portugal,2011-07,282575800000.0
1167,Portugal,2011-12,278290400000.0
1168,Portugal,2012-01,278666800000.0
1169,Portugal,2012-04,277242100000.0
1170,Portugal,2012-07,277857800000.0
1171,Portugal,2012-12,278192600000.0
1172,Portugal,2013-01,284937500000.0
1173,Portugal,2013-04,291085600000.0
1174,Portugal,2013-07,293689000000.0
1175,Portugal,2013-12,298967800000.0
1176,Portugal,2014-01,296959100000.0
1177,Portugal,2014-04,298516100000.0
1178,Portugal,2014-07,299096500000.0
1179,Portugal,2014-12,301239500000.0
1180,Portugal,2015-01,302380500000.0
1181,Portugal,2015-04,305450500000.0
1182,Portugal,2015-07,308397500000.0
1183,Portugal,2015-12,312761900000.0
1184,Portugal,2016-01,318064800000.0
1185,Portugal,2016-04,323998500000.0
1186,Portugal,2016-07,329701400000.0
1187,Portugal,2016-12,333854500000.0
1188,Portugal,2017-01,337005200000.0
1189,Portugal,2017-04,337882700000.0
1190,Portugal,2017-07,340849100000.0
1191,Portugal,2017-12,345714800000.0
1192,Portugal,2018-01,350701300000.0
1193,Portugal,2018-04,357337000000.0
1194,Portugal,2018-07,361636300000.0
1195,Portugal,2018-12,367269800000.0
1196,Portugal,2019-01,374038700000.0
1197,Portugal,2019-04,380837000000.0
1198,Portugal,2019-07,386289100000.0
1199,Portugal,2019-12,393785400000.0
1200,Romania,2000-01,128444100000.0
1201,Romania,2000-04,129859200000.0
1202,Romania,2000-07,129535300000.0
1203,Romania,2000-12,132290900000.0
1204,Romania,2001-01,137746900000.0
1205,Romania,2001-04,141118800000.0
1206,Romania,2001-07,144210200000.0
1207,Romania,2001-12,147246900000.0
1208,Romania,2002-01,150193300000.0
1209,Romania,2002-04,154123400000.0
1210,Romania,2002-07,154208400000.0
1211,Romania,2002-12,157249000000.0
1212,Romania,2003-01,154315600000.0
1213,Romania,2003-04,157862800000.0
1214,Romania,2003-07,163959700000.0
1215,Romania,2003-12,168556700000.0
1216,Romania,2004-01,179733400000.0
1217,Romania,2004-04,187806900000.0
1218,Romania,2004-07,195625700000.0
1219,Romania,2004-12,199342500000.0
1220,Romania,2005-01,198199500000.0
1221,Romania,2005-04,196091300000.0
1222,Romania,2005-07,204779400000.0
1223,Romania,2005-12,215052300000.0
1224,Romania,2006-01,227041400000.0
1225,Romania,2006-04,241328900000.0
1226,Romania,2006-07,249213800000.0
1227,Romania,2006-12,256650200000.0
1228,Romania,2007-01,267537300000.0
1229,Romania,2007-04,277827700000.0
1230,Romania,2007-07,285670700000.0
1231,Romania,2007-12,302838500000.0
1232,Romania,2008-01,327768100000.0
1233,Romania,2008-04,340742300000.0
1234,Romania,2008-07,349356500000.0
1235,Romania,2008-12,347614400000.0
1236,Romania,2009-01,332068200000.0
1237,Romania,2009-04,333492500000.0
1238,Romania,2009-07,337352800000.0
1239,Romania,2009-12,345914800000.0
1240,Romania,2010-01,337993700000.0
1241,Romania,2010-04,348491300000.0
1242,Romania,2010-07,353088000000.0
1243,Romania,2010-12,362269000000.0
1244,Romania,2011-01,372167400000.0
1245,Romania,2011-04,374837000000.0
1246,Romania,2011-07,383928600000.0
1247,Romania,2011-12,383637900000.0
1248,Romania,2012-01,391964000000.0
1249,Romania,2012-04,400547600000.0
1250,Romania,2012-07,395941200000.0
1251,Romania,2012-12,397156100000.0
1252,Romania,2013-01,386331000000.0
1253,Romania,2013-04,390151200000.0
1254,Romania,2013-07,392338600000.0
1255,Romania,2013-12,398517200000.0
1256,Romania,2014-01,403701000000.0
1257,Romania,2014-04,406656600000.0
1258,Romania,2014-07,413655500000.0
1259,Romania,2014-12,415247200000.0
1260,Romania,2015-01,418264800000.0
1261,Romania,2015-04,417873400000.0
1262,Romania,2015-07,431866000000.0
1263,Romania,2015-12,442218700000.0
1264,Romania,2016-01,450916500000.0
1265,Romania,2016-04,466622900000.0
1266,Romania,2016-07,473879200000.0
1267,Romania,2016-12,487946000000.0
1268,Romania,2017-01,511877200000.0
1269,Romania,2017-04,520028400000.0
1270,Romania,2017-07,529964100000.0
1271,Romania,2017-12,539716699999.99994
1272,Romania,2018-01,548512100000.0
1273,Romania,2018-04,565927600000.0
1274,Romania,2018-07,580819500000.0
1275,Romania,2018-12,596230000000.0
1276,Romania,2019-01,611532200000.0
1277,Romania,2019-04,632527500000.0
1278,Romania,2019-07,646460600000.0
1279,Romania,2019-12,660247000000.0
1280,Slovakia,2000-01,59292900000.0
1281,Slovakia,2000-04,60694500000.0
1282,Slovakia,2000-07,61975400000.0
1283,Slovakia,2000-12,63250600000.0
1284,Slovakia,2001-01,64553300000.0
1285,Slovakia,2001-04,66109000000.0
1286,Slovakia,2001-07,66990700000.0
1287,Slovakia,2001-12,68907200000.0
1288,Slovakia,2002-01,69672500000.0
1289,Slovakia,2002-04,70708300000.0
1290,Slovakia,2002-07,72585400000.0
1291,Slovakia,2002-12,73306100000.0
1292,Slovakia,2003-01,74587800000.0
1293,Slovakia,2003-04,75791000000.0
1294,Slovakia,2003-07,76363800000.0
1295,Slovakia,2003-12,77999800000.0
1296,Slovakia,2004-01,79562100000.0
1297,Slovakia,2004-04,80516600000.0
1298,Slovakia,2004-07,82713400000.0
1299,Slovakia,2004-12,84381700000.0
1300,Slovakia,2005-01,85785500000.0
1301,Slovakia,2005-04,88130600000.0
1302,Slovakia,2005-07,90574400000.0
1303,Slovakia,2005-12,93169400000.0
1304,Slovakia,2006-01,96837700000.0
1305,Slovakia,2006-04,100504800000.0
1306,Slovakia,2006-07,103128800000.0
1307,Slovakia,2006-12,105966800000.0
1308,Slovakia,2007-01,108115200000.0
1309,Slovakia,2007-04,111059700000.0
1310,Slovakia,2007-07,114646700000.0
1311,Slovakia,2007-12,122829400000.0
1312,Slovakia,2008-01,122439400000.0
1313,Slovakia,2008-04,126070900000.0
1314,Slovakia,2008-07,129857600000.0
1315,Slovakia,2008-12,132472700000.00002
1316,Slovakia,2009-01,120060600000.0
1317,Slovakia,2009-04,122470300000.0
1318,Slovakia,2009-07,125523400000.0
1319,Slovakia,2009-12,129372500000.0
1320,Slovakia,2010-01,133347100000.0
1321,Slovakia,2010-04,136261400000.0
1322,Slovakia,2010-07,138424100000.0
1323,Slovakia,2010-12,139787500000.0
1324,Slovakia,2011-01,140082600000.0
1325,Slovakia,2011-04,141311700000.0
1326,Slovakia,2011-07,142302000000.0
1327,Slovakia,2011-12,143309900000.0
1328,Slovakia,2012-01,144335200000.0
1329,Slovakia,2012-04,145269500000.0
1330,Slovakia,2012-07,146550200000.0
1331,Slovakia,2012-12,147761200000.0
1332,Slovakia,2013-01,149344000000.0
1333,Slovakia,2013-04,150850000000.0
1334,Slovakia,2013-07,152466500000.0
1335,Slovakia,2013-12,154105500000.0
1336,Slovakia,2014-01,155203800000.0
1337,Slovakia,2014-04,156630200000.0
1338,Slovakia,2014-07,158095000000.0
1339,Slovakia,2014-12,159264700000.0
1340,Slovakia,2015-01,161358800000.0
1341,Slovakia,2015-04,163015900000.0
1342,Slovakia,2015-07,163994300000.0
1343,Slovakia,2015-12,163646300000.0
1344,Slovakia,2016-01,161747300000.0
1345,Slovakia,2016-04,161583900000.0
1346,Slovakia,2016-07,161101000000.0
1347,Slovakia,2016-12,161565000000.0
1348,Slovakia,2017-01,162448400000.0
1349,Slovakia,2017-04,163255200000.0
1350,Slovakia,2017-07,164175500000.0
1351,Slovakia,2017-12,165884800000.0
1352,Slovakia,2018-01,166996300000.0
1353,Slovakia,2018-04,169695900000.0
1354,Slovakia,2018-07,172158300000.0
1355,Slovakia,2018-12,174608900000.0
1356,Slovakia,2019-01,178352300000.0
1357,Slovakia,2019-04,181313000000.0
1358,Slovakia,2019-07,183718300000.0
1359,Slovakia,2019-12,186519000000.0
1360,Spain,2000-01,849958100000.0
1361,Spain,2000-04,868901000000.0
1362,Spain,2000-07,885025800000.0
1363,Spain,2000-12,899242600000.0
1364,Spain,2001-01,913486300000.0
1365,Spain,2001-04,927657900000.0
1366,Spain,2001-07,945533200000.0
1367,Spain,2001-12,963980100000.0
1368,Spain,2002-01,983965100000.0
1369,Spain,2002-04,1003984300000.0
1370,Spain,2002-07,1019063100000.0
1371,Spain,2002-12,1032005800000.0
1372,Spain,2003-01,1041783700000.0
1373,Spain,2003-04,1048080300000.0
1374,Spain,2003-07,1059950300000.0
1375,Spain,2003-12,1076651000000.0
1376,Spain,2004-01,1094105899999.9999
1377,Spain,2004-04,1115025500000.0
1378,Spain,2004-07,1132403100000.0
1379,Spain,2004-12,1146764200000.0
1380,Spain,2005-01,1162982300000.0
1381,Spain,2005-04,1184687800000.0
1382,Spain,2005-07,1216935100000.0
1383,Spain,2005-12,1256812800000.0
1384,Spain,2006-01,1306625000000.0
1385,Spain,2006-04,1351431900000.0
1386,Spain,2006-07,1387080000000.0
1387,Spain,2006-12,1411391500000.0
1388,Spain,2007-01,1436032200000.0
1389,Spain,2007-04,1459007100000.0
1390,Spain,2007-07,1480344000000.0
1391,Spain,2007-12,1499458000000.0
1392,Spain,2008-01,1513987000000.0
1393,Spain,2008-04,1529303100000.0
1394,Spain,2008-07,1544358500000.0
1395,Spain,2008-12,1526985500000.0
1396,Spain,2009-01,1490332200000.0
1397,Spain,2009-04,1488020500000.0
1398,Spain,2009-07,1488713300000.0
1399,Spain,2009-12,1484568400000.0
1400,Spain,2010-01,1474826700000.0
1401,Spain,2010-04,1475272500000.0
1402,Spain,2010-07,1472826600000.0
1403,Spain,2010-12,1479495000000.0
1404,Spain,2011-01,1485966300000.0
1405,Spain,2011-04,1492221200000.0
1406,Spain,2011-07,1493301500000.0
1407,Spain,2011-12,1486898300000.0
1408,Spain,2012-01,1483630200000.0
1409,Spain,2012-04,1478845800000.0
1410,Spain,2012-07,1484046200000.0
1411,Spain,2012-12,1488223800000.0
1412,Spain,2013-01,1497314600000.0
1413,Spain,2013-04,1506555500000.0
1414,Spain,2013-07,1516908800000.0
1415,Spain,2013-12,1529951100000.0
1416,Spain,2014-01,1539825000000.0
1417,Spain,2014-04,1552964700000.0
1418,Spain,2014-07,1566783100000.0
1419,Spain,2014-12,1576534800000.0
1420,Spain,2015-01,1585513400000.0
1421,Spain,2015-04,1609817600000.0
1422,Spain,2015-07,1633397200000.0
1423,Spain,2015-12,1659344600000.0
1424,Spain,2016-01,1685715900000.0
1425,Spain,2016-04,1719742000000.0
1426,Spain,2016-07,1751543100000.0
1427,Spain,2016-12,1780995600000.0
1428,Spain,2017-01,1811635300000.0
1429,Spain,2017-04,1837558800000.0
1430,Spain,2017-07,1854955500000.0
1431,Spain,2017-12,1866912600000.0
1432,Spain,2018-01,1870927900000.0
1433,Spain,2018-04,1891980900000.0
1434,Spain,2018-07,1911925400000.0
1435,Spain,2018-12,1947339600000.0
1436,Spain,2019-01,1992075600000.0
1437,Spain,2019-04,2028391600000.0
1438,Spain,2019-07,2049392600000.0
1439,Spain,2019-12,2058526000000.0
1440,Switzerland,2000-01,258695000000.0
1441,Switzerland,2000-04,261292300000.0
1442,Switzerland,2000-07,265052200000.0
1443,Switzerland,2000-12,269549800000.0
1444,Switzerland,2001-01,270208400000.00003
1445,Switzerland,2001-04,273105400000.00003
1446,Switzerland,2001-07,274845400000.00003
1447,Switzerland,2001-12,276209000000.0
1448,Switzerland,2002-01,279294100000.0
1449,Switzerland,2002-04,282204300000.0
1450,Switzerland,2002-07,283749000000.0
1451,Switzerland,2002-12,283488900000.0
1452,Switzerland,2003-01,281962300000.0
1453,Switzerland,2003-04,281064600000.0
1454,Switzerland,2003-07,284849600000.0
1455,Switzerland,2003-12,289592600000.0
1456,Switzerland,2004-01,293333100000.0
1457,Switzerland,2004-04,297304300000.0
1458,Switzerland,2004-07,297464700000.0
1459,Switzerland,2004-12,298187300000.0
1460,Switzerland,2005-01,299908300000.0
1461,Switzerland,2005-04,304148000000.0
1462,Switzerland,2005-07,311027300000.0
1463,Switzerland,2005-12,319908200000.0
1464,Switzerland,2006-01,331473500000.0
1465,Switzerland,2006-04,342116400000.0
1466,Switzerland,2006-07,351371900000.0
1467,Switzerland,2006-12,361243000000.0
1468,Switzerland,2007-01,370310600000.0
1469,Switzerland,2007-04,381724800000.0
1470,Switzerland,2007-07,389753200000.0
1471,Switzerland,2007-12,397189200000.0
1472,Switzerland,2008-01,403627900000.0
1473,Switzerland,2008-04,412448800000.0
1474,Switzerland,2008-07,419814200000.0
1475,Switzerland,2008-12,409666200000.0
1476,Switzerland,2009-01,404262100000.0
1477,Switzerland,2009-04,406987700000.0
1478,Switzerland,2009-07,413032300000.0
1479,Switzerland,2009-12,415482000000.0
1480,Switzerland,2010-01,418271000000.0
1481,Switzerland,2010-04,422152200000.0
1482,Switzerland,2010-07,426664900000.0
1483,Switzerland,2010-12,435528800000.0
1484,Switzerland,2011-01,444948100000.0
1485,Switzerland,2011-04,454630200000.0
1486,Switzerland,2011-07,458868000000.0
1487,Switzerland,2011-12,461195300000.0
1488,Switzerland,2012-01,467214600000.0
1489,Switzerland,2012-04,471199500000.0
1490,Switzerland,2012-07,479609500000.0
1491,Switzerland,2012-12,483785500000.0
1492,Switzerland,2013-01,489948600000.0
1493,Switzerland,2013-04,496241800000.0
1494,Switzerland,2013-07,503049700000.0
1495,Switzerland,2013-12,506772600000.0
1496,Switzerland,2014-01,510028500000.0
1497,Switzerland,2014-04,516899400000.0
1498,Switzerland,2014-07,522692600000.0
1499,Switzerland,2014-12,528587199999.99994
1500,Switzerland,2015-01,529402600000.0
1501,Switzerland,2015-04,537765100000.0
1502,Switzerland,2015-07,545146500000.0
1503,Switzerland,2015-12,550034600000.0
1504,Switzerland,2016-01,553342900000.0
1505,Switzerland,2016-04,562511200000.0
1506,Switzerland,2016-07,568042300000.0
1507,Switzerland,2016-12,571364500000.0
1508,Switzerland,2017-01,572459300000.0
1509,Switzerland,2017-04,572814900000.0
1510,Switzerland,2017-07,576118700000.0
1511,Switzerland,2017-12,584621700000.0
1512,Switzerland,2018-01,593334200000.0
1513,Switzerland,2018-04,603356300000.0
1514,Switzerland,2018-07,603259600000.0
1515,Switzerland,2018-12,608631300000.0
1516,Switzerland,2019-01,613765100000.0
1517,Switzerland,2019-04,621492800000.0
1518,Switzerland,2019-07,627077900000.0
1519,Switzerland,2019-12,632240300000.0
